"Time (s)","Acceleration x (m/s^2)","Acceleration y (m/s^2)","Acceleration z (m/s^2)","Absolute acceleration (m/s^2)"
1.264375000E-2,2.338586884E0,3.497027893E0,9.157955933E0,1.007801318E1
2.269074999E-2,2.330803070E0,3.309467926E0,9.555529175E0,1.037754107E1
3.273774998E-2,2.406545563E0,3.285368042E0,9.753267975E0,1.056935859E1
4.278475000E-2,2.489473114E0,3.450624390E0,9.717043304E0,1.060779033E1
5.283174998E-2,2.487377472E0,3.578159180E0,9.403595123E0,1.036425931E1
6.287874997E-2,2.388732605E0,3.618425446E0,8.991053009E0,9.981887616E0
7.292474998E-2,2.247875519E0,3.676953735E0,8.492888947E0,9.523764790E0
8.297175000E-2,2.181264038E0,3.744313660E0,8.257428589E0,9.325391385E0
9.301874999E-2,2.138453064E0,3.751498718E0,8.322992249E0,9.376509164E0
1.030657500E-1,2.121687927E0,3.681145020E0,8.460256805E0,9.467224172E0
1.131127500E-1,2.071691895E0,3.582649841E0,8.422235870E0,9.384100609E0
1.231597500E-1,2.046544189E0,3.646417236E0,8.343349915E0,9.332533931E0
1.332067500E-1,2.106569366E0,3.765719147E0,8.408913574E0,9.451354542E0
1.432537500E-1,2.287393341E0,3.786226501E0,8.375982056E0,9.472315177E0
1.533007500E-1,2.242935791E0,3.830983429E0,8.305029602E0,9.417043681E0
1.633477500E-1,2.218087463E0,3.823049927E0,8.287066956E0,9.392076526E0
1.733947500E-1,2.179767151E0,3.796854401E0,8.423882446E0,9.493644381E0
1.834429583E-1,2.036215668E0,3.726800079E0,8.559949493E0,9.555519264E0
1.934899583E-1,2.038610687E0,3.699706421E0,8.644523621E0,9.621411007E0
2.035369583E-1,2.019001465E0,3.735781403E0,8.715326385E0,9.694810138E0
2.135839583E-1,2.078427887E0,3.744014282E0,8.872948608E0,9.852244538E0
2.236309583E-1,2.169738007E0,3.708238678E0,9.072932739E0,1.003877012E1
2.336769583E-1,2.263742523E0,3.721560974E0,9.126371613E0,1.011262602E1
2.437239583E-1,2.208956451E0,3.691922607E0,9.002878418E0,9.978055971E0
2.537709583E-1,2.171534271E0,3.734434204E0,8.866661682E0,9.863024349E0
2.638179583E-1,2.227667542E0,3.794010315E0,8.639434204E0,9.695196765E0
2.738649583E-1,2.258353729E0,3.881278839E0,8.378227386E0,9.505744639E0
2.839119583E-1,2.317630463E0,3.967649231E0,8.246651001E0,9.440386862E0
2.939589583E-1,2.365530853E0,4.024231567E0,8.329728241E0,9.548536458E0
3.040059583E-1,2.474653931E0,3.931723938E0,8.472531281E0,9.662616183E0
3.140529583E-1,2.658771057E0,3.776496735E0,8.531209259E0,9.701160886E0
3.240999583E-1,3.374582520E0,3.754642181E0,8.616531830E0,9.986479153E0
3.341469583E-1,4.745731201E0,3.775149536E0,8.883277130E0,1.075575805E1
3.441939583E-1,5.301375732E0,3.977378998E0,9.231303406E0,1.136402618E1
3.542409583E-1,5.962850189E0,5.301974487E0,9.092691650E0,1.209725412E1
3.642879583E-1,7.066804504E0,7.402107239E0,9.007967834E0,1.363357627E1
3.743349583E-1,8.948840790E0,9.560768280E0,9.592202911E0,1.623269535E1
3.843819583E-1,1.124506577E1,1.132245483E1,1.078612015E1,1.926109746E1
3.944279583E-1,1.376657227E1,1.238958572E1,1.340716965E1,2.286421974E1
4.044749583E-1,1.558094925E1,1.203617065E1,1.578317871E1,2.523378913E1
4.145219583E-1,1.600157455E1,1.225845840E1,1.718680984E1,2.648974563E1
4.245689583E-1,1.635588776E1,1.335028793E1,1.843401627E1,2.802781133E1
4.346159583E-1,1.758587997E1,1.381417328E1,2.009301636E1,3.006366352E1
4.446629583E-1,1.913411041E1,1.366149078E1,2.183419556E1,3.208555138E1
4.547099583E-1,2.009810577E1,1.367765717E1,2.361534164E1,3.389242574E1
4.647569583E-1,1.952854019E1,1.207763443E1,2.398851562E1,3.320665622E1
4.748039583E-1,1.761237488E1,9.545050964E0,2.289354263E1,3.042068443E1
4.848509583E-1,1.429347656E1,6.387966156E0,2.015139496E1,2.551839146E1
4.948979583E-1,1.035426819E1,3.104394379E0,1.634121826E1,1.959294640E1
5.049449583E-1,6.512507172E0,-4.324507141E-1,1.213631241E1,1.378005233E1
5.149919583E-1,3.072360992E0,-4.090393982E0,8.672066345E0,1.006853811E1
5.250389583E-1,-6.168672180E-1,-8.168812866E0,7.234455872E0,1.092919853E1
5.350859583E-1,-4.103716278E0,-1.184367096E1,5.972729645E0,1.388475886E1
5.451329583E-1,-8.252039795E0,-1.667547318E1,3.765270081E0,1.898275073E1
5.551789583E-1,-1.573408081E1,-2.302556808E1,-6.270460510E-1,2.789500442E1
5.652259583E-1,-2.663546127E1,-2.914050201E1,-6.830745392E0,4.006589245E1
5.752729583E-1,-3.846401367E1,-3.531935303E1,-1.312680267E1,5.384468399E1
5.853199583E-1,-4.563485184E1,-3.847089935E1,-1.444526093E1,6.141022197E1
5.953669583E-1,-4.369503571E1,-3.982842636E1,-8.973539429E0,5.980036874E1
6.054139583E-1,-3.430970261E1,-4.001104660E1,-2.086660767E0,5.274839994E1
6.154609583E-1,-1.946761688E1,-3.565360794E1,3.213517456E0,4.074916638E1
6.255079583E-1,-4.667593689E0,-2.901446411E1,6.235133972E0,3.004167862E1
6.355549583E-1,3.745511169E0,-2.278456924E1,7.457192688E0,2.426468983E1
6.456019583E-1,9.311835938E0,-1.776745239E1,9.927805023E0,2.238200093E1
6.556489583E-1,1.689940750E1,-1.093236603E1,1.271979904E1,2.380965956E1
6.656959583E-1,2.821168350E1,-4.305047607E-1,1.407103912E1,3.152901144E1
6.757429583E-1,4.190625549E1,1.273357040E1,1.660272446E1,4.683939073E1
6.857899583E-1,5.424599487E1,2.678380280E1,1.996533188E1,6.370725649E1
6.958359583E-1,6.216437851E1,3.881353683E1,2.363285522E1,7.700267816E1
7.058829583E-1,6.290204453E1,4.475019150E1,2.406994629E1,8.086166681E1
7.159299583E-1,5.834222672E1,4.565715546E1,2.136387360E1,7.710257037E1
7.259769583E-1,5.349066559E1,4.162334381E1,1.676169388E1,6.981911226E1
7.360239583E-1,4.772555420E1,3.565465576E1,1.207104813E1,6.078398806E1
7.460709583E-1,4.059543137E1,2.813908447E1,6.597829742E0,4.983300593E1
7.561179583E-1,3.298375992E1,1.954261093E1,2.158661041E0,3.839924319E1
7.661649583E-1,2.571337875E1,1.088461533E1,1.796264648E-3,2.792226174E1
7.762119583E-1,1.867456604E1,2.512974243E0,-4.349954224E-1,1.884790910E1
7.862589583E-1,1.237791000E1,-5.317542114E0,7.373666382E-1,1.349194648E1
7.963059583E-1,7.526648254E0,-1.185504730E1,2.849175110E0,1.432865588E1
8.063529583E-1,2.638563080E0,-1.810125824E1,2.642904053E0,1.848249190E1
8.163999583E-1,-6.553970947E0,-2.547297867E1,-2.058219910E-1,2.630341309E1
8.264469583E-1,-2.167028641E1,-3.272928909E1,-4.997357941E0,3.956995405E1
8.364939583E-1,-3.656221848E1,-3.818185043E1,-1.017658768E1,5.383504861E1
8.465399583E-1,-4.592899017E1,-4.051205475E1,-1.333831284E1,6.267861922E1
8.565869583E-1,-4.783093506E1,-4.148203766E1,-1.086395828E1,6.423848836E1
8.666339583E-1,-4.411326599E1,-4.225712585E1,-3.576961670E0,6.119182606E1
8.766809583E-1,-3.501413773E1,-4.092893784E1,3.035986633E0,5.394798428E1
8.867279583E-1,-2.074206665E1,-3.662044739E1,5.882617035E0,4.249583131E1
8.967749583E-1,-5.658982086E0,-3.007201492E1,5.350623322E0,3.106411643E1
9.068219583E-1,6.026916962E0,-2.314232529E1,4.485123138E0,2.433119967E1
9.168689583E-1,1.413944687E1,-1.629481476E1,5.085075531E0,2.216535447E1
9.269159583E-1,2.201247482E1,-7.319628754E0,5.292993164E0,2.379373425E1
9.369629583E-1,3.290023361E1,4.124373322E0,5.228627014E0,3.356745995E1
9.470099583E-1,4.482743088E1,1.842278961E1,6.888375549E0,4.895250202E1
9.570569583E-1,5.534920074E1,3.227438507E1,9.367370453E0,6.475274190E1
9.671039583E-1,6.057288803E1,4.240741333E1,1.301498520E1,7.507898048E1
9.771509583E-1,5.947237656E1,4.721077469E1,1.658057053E1,7.772217276E1
9.871969583E-1,5.518469284E1,4.687412476E1,1.857337646E1,7.474961009E1
9.972439583E-1,5.081602753E1,4.253494812E1,1.720686813E1,6.846580735E1
1.007290958E0,4.529880066E1,3.601899811E1,1.326122314E1,5.937347560E1
1.017337958E0,3.919673996E1,2.796349960E1,9.457333374E0,4.906916433E1
1.027384958E0,3.330873413E1,1.908291687E1,6.073470154E0,3.886536408E1
1.037431958E0,2.706925919E1,1.018317398E1,3.012934570E0,2.907781972E1
1.047478958E0,2.047008224E1,1.426084442E0,5.429209900E-1,2.052687865E1
1.057525958E0,1.375384872E1,-6.658603363E0,-1.267863464E0,1.533338942E1
1.067572958E0,6.531966705E0,-1.378139145E1,-1.790277100E0,1.535572960E1
1.077619958E0,-1.529519348E0,-1.898651733E1,-1.038390656E0,1.907630795E1
1.087666958E0,-1.029873367E1,-2.439028015E1,-1.659299469E0,2.652740010E1
1.097713958E0,-2.275852341E1,-3.059772171E1,-2.738854523E0,3.823182294E1
1.107760958E0,-3.753115356E1,-3.454097168E1,-2.774330750E0,5.108192561E1
1.117806958E0,-4.594545593E1,-3.693389557E1,-3.503913574E0,5.905400048E1
1.127853958E0,-4.544040619E1,-3.709436188E1,-1.445094910E0,5.867631973E1
1.137900958E0,-4.009127975E1,-3.562531677E1,2.257156219E0,5.368024461E1
1.147947958E0,-2.943568817E1,-3.295636688E1,4.555177460E0,4.442219600E1
1.157994958E0,-1.487995697E1,-2.811034424E1,3.891008606E0,3.204285444E1
1.168041958E0,-1.820065155E0,-2.155712173E1,1.750459900E0,2.170452129E1
1.178088958E0,7.151079254E0,-1.529684006E1,9.916877747E-1,1.691492521E1
1.188135333E0,1.333636688E1,-8.740174713E0,1.020577698E0,1.597782571E1
1.198182333E0,2.132375702E1,7.903564453E-2,9.033714294E-1,2.134303024E1
1.208229333E0,3.215059250E1,1.120899078E1,2.137105865E0,3.411552863E1
1.218276333E0,4.263044952E1,2.283321808E1,3.970792694E0,4.852296641E1
1.228323333E0,5.006069824E1,3.370915146E1,6.589447174E0,6.071079982E1
1.238370333E0,5.434374161E1,4.136647797E1,1.116288666E1,6.920287414E1
1.248416333E0,5.421141678E1,4.370356796E1,1.451202209E1,7.113001017E1
1.258463333E0,4.828883286E1,4.091187332E1,1.411639481E1,6.484493318E1
1.268510333E0,4.090169449E1,3.481041138E1,1.136152359E1,5.489806527E1
1.278557333E0,3.502266998E1,2.790242661E1,9.038204956E0,4.568174660E1
1.288604333E0,3.053155930E1,2.098246674E1,6.929390259E0,3.768894364E1
1.298651333E0,2.626573013E1,1.349368973E1,4.642745361E0,2.989186054E1
1.308698333E0,2.086825424E1,5.458698578E0,2.509381714E0,2.171585646E1
1.318745333E0,1.350716171E1,-2.554887085E0,-8.262817383E-2,1.374691576E1
1.328792333E0,4.725822601E0,-9.262887726E0,-2.363285522E0,1.066393955E1
1.338839333E0,-3.990401917E0,-1.526944702E1,-3.721261597E0,1.621502722E1
1.348886333E0,-1.368798569E1,-2.026201492E1,-4.486021271E0,2.486030144E1
1.358933333E0,-2.349963226E1,-2.400288574E1,-3.994144135E0,3.382786467E1
1.368980333E0,-3.217813522E1,-2.749961426E1,-3.545527039E0,4.247625140E1
1.379026333E0,-3.933415421E1,-2.914663925E1,-3.324287109E0,4.906886132E1
1.389073333E0,-4.192242188E1,-2.921474762E1,-1.902843018E0,5.113327435E1
1.399120333E0,-3.681249802E1,-2.832320160E1,-8.845106506E-1,4.645585128E1
1.409167333E0,-2.711895584E1,-2.623983398E1,-2.534230042E-1,3.773633364E1
1.419214333E0,-1.481843491E1,-2.260075150E1,-3.143463135E-2,2.702556141E1
1.429261333E0,-2.327958984E0,-1.769066208E1,-3.454815674E-1,1.784651998E1
1.439308333E0,6.623276825E0,-1.239751923E1,-1.691482544E-2,1.405583740E1
1.449355333E0,1.142888351E1,-7.109316101E0,2.490221558E0,1.368805893E1
1.459402333E0,1.741388763E1,-7.515870667E-1,4.109105072E0,1.790790636E1
1.469449333E0,2.664504135E1,8.185877380E0,5.385351105E0,2.838959006E1
1.479496333E0,3.715663239E1,1.907633057E1,7.708220673E0,4.247279581E1
1.489543333E0,4.643583618E1,2.918600739E1,1.083177521E1,5.590561030E1
1.499590333E0,5.070929947E1,3.613336029E1,1.466051331E1,6.396861284E1
1.509636333E0,4.865766586E1,3.971780640E1,1.809048065E1,6.536312479E1
1.519683333E0,4.440276398E1,3.928580475E1,1.882275787E1,6.220350567E1
1.529730333E0,4.082834702E1,3.580703888E1,1.808149933E1,5.723668903E1
1.539777333E0,3.680636078E1,3.189731918E1,1.672741516E1,5.149712208E1
1.549824333E0,3.299783066E1,2.684352859E1,1.405292679E1,4.479862282E1
1.559871333E0,2.857048737E1,2.093696136E1,9.976753235E0,3.679897695E1
1.569918333E0,2.330593506E1,1.494866409E1,6.186784515E0,2.837085599E1
1.579965333E0,1.796549057E1,8.901239777E0,2.974614258E0,2.026916996E1
1.590012333E0,1.256831406E1,2.965782623E0,-1.221459961E-1,1.291407389E1
1.600059333E0,7.491621094E0,-2.553390198E0,-1.300345917E0,8.020915635E0
1.610106333E0,2.019300842E0,-8.271199951E0,-5.210664368E-1,8.530054792E0
1.620153333E0,-5.404361572E0,-1.425216248E1,1.685494995E-1,1.524334833E1
1.630200333E0,-1.534997955E1,-1.937226517E1,-1.034798126E0,2.473817570E1
1.640246333E0,-2.619837021E1,-2.270882675E1,-2.210603027E0,3.474092946E1
1.650293333E0,-3.333882156E1,-2.529978882E1,-2.385140076E0,4.191950895E1
1.660340333E0,-3.506563065E1,-2.620795029E1,-2.795137482E0,4.386647814E1
1.670387333E0,-3.274156357E1,-2.590123810E1,-1.961371307E0,4.179391220E1
1.680434333E0,-2.528302368E1,-2.407099411E1,-5.260061646E-1,3.491304522E1
1.690481333E0,-1.410666504E1,-2.083292770E1,9.096583557E-1,2.517610680E1
1.700528333E0,-4.554279327E0,-1.724249405E1,1.833387451E0,1.792780998E1
1.710575333E0,1.574425964E0,-1.313997528E1,2.763403473E0,1.351939963E1
1.720622333E0,6.496191101E0,-8.372389526E0,5.630840607E0,1.200015713E1
1.730669333E0,1.453208038E1,-7.828720093E-1,7.718249817E0,1.647317908E1
1.740716333E0,2.542118637E1,9.715696106E0,9.446705475E0,2.880749402E1
1.750763333E0,3.614279068E1,2.095073273E1,1.132799332E1,4.328461566E1
1.760809333E0,4.342903885E1,2.988894562E1,1.143427231E1,5.394601995E1
1.770856333E0,4.463373367E1,3.442271759E1,1.030097900E1,5.729924813E1
1.780903333E0,3.948788452E1,3.466206985E1,8.727900238E0,5.326282337E1
1.790950333E0,3.281356384E1,3.124243103E1,7.029232635E0,4.585007721E1
1.800997333E0,2.854893219E1,2.648412598E1,5.858217773E0,3.937980667E1
1.811044333E0,2.612113083E1,2.184721848E1,4.461023254E0,3.434407022E1
1.821091333E0,2.327809296E1,1.624451935E1,2.517165527E0,2.849719535E1
1.831138333E0,1.817146225E1,9.667196960E0,8.316705322E-1,2.059971877E1
1.841185333E0,1.127724884E1,2.736309814E0,-3.623963928E-1,1.161012765E1
1.851232333E0,4.412823486E0,-3.380719757E0,-4.216731262E-1,5.574951607E0
1.861279333E0,-2.096390533E0,-8.801247711E0,-4.490661621E-1,9.058613302E0
1.871326333E0,-9.292526093E0,-1.378588211E1,-9.289682007E-1,1.665126328E1
1.881373333E0,-1.812026871E1,-1.757585083E1,-2.053878937E0,2.532731903E1
1.891419333E0,-2.587923386E1,-1.926523773E1,-2.378104706E0,3.235026293E1
1.901466333E0,-2.905488007E1,-1.990755203E1,-3.089874573E0,3.535596143E1
1.911513333E0,-2.688154953E1,-1.911016022E1,-5.246589661E0,3.339674583E1
1.921560333E0,-2.284354660E1,-1.715073486E1,-7.038663025E0,2.941968907E1
1.931607333E0,-1.637429947E1,-1.414348846E1,-7.981103210E0,2.306195910E1
1.941654333E0,-7.947722626E0,-9.823771362E0,-5.394781494E0,1.373959410E1
1.951701333E0,9.686357117E-1,-4.975503387E0,7.421566772E-1,5.122956728E0
1.961748333E0,1.037088364E1,1.483265533E0,6.337221680E0,1.224400599E1
1.971795333E0,1.943019470E1,9.862540741E0,9.533225555E0,2.378412423E1
1.981842333E0,2.796290085E1,1.909489197E1,1.065499283E1,3.549743083E1
1.991889333E0,3.520858337E1,2.723780869E1,9.662556610E0,4.555115328E1
2.001936333E0,3.934388397E1,3.264845718E1,7.904612274E0,5.173341143E1
2.011982333E0,3.937367203E1,3.416240891E1,6.257138214E0,5.250245718E1
2.022029333E0,3.610911072E1,3.221765305E1,4.922513580E0,4.864232914E1
2.032076333E0,3.164569244E1,2.810405731E1,3.484753418E0,4.246682698E1
2.042123333E0,2.808684311E1,2.269580383E1,1.986818390E0,3.616514503E1
2.052170333E0,2.425930252E1,1.684522018E1,8.749305725E-1,2.954726223E1
2.062217333E0,1.987746460E1,1.078207855E1,6.719526672E-1,2.262340242E1
2.072264333E0,1.469015167E1,4.253704376E0,1.128503265E0,1.533519079E1
2.082311333E0,7.804320831E0,-1.652114410E0,1.590143280E0,8.134215470E0
2.092358333E0,8.581654358E-1,-7.029082947E0,1.698966980E0,7.282234807E0
2.102405333E0,-7.081923065E0,-1.248553619E1,1.365610199E0,1.441898539E1
2.112452333E0,-1.683369415E1,-1.702993607E1,1.294807434E-1,2.394595470E1
2.122499333E0,-2.615211639E1,-1.966954697E1,-1.247356110E0,3.274721617E1
2.132545333E0,-3.091625931E1,-2.063264420E1,-2.786754913E0,3.727314179E1
2.142592333E0,-3.072780121E1,-2.072350525E1,-5.730233917E0,3.750329342E1
2.152639333E0,-2.828772537E1,-2.020752823E1,-7.669451294E0,3.560000122E1
2.162686333E0,-2.395453629E1,-1.911420181E1,-6.725364532E0,3.137519797E1
2.172733333E0,-1.509131744E1,-1.718606140E1,-5.454507294E0,2.351297979E1
2.182780708E0,-6.392456818E0,-1.469179825E1,-3.780238953E0,1.646215801E1
2.192827708E0,-1.124162292E-1,-1.148741180E1,-1.440454559E0,1.157791763E1
2.202874708E0,5.954467621E0,-7.164251862E0,1.467248840E0,9.430535963E0
2.212921708E0,1.320314392E1,-8.035290527E-1,5.254223785E0,1.423290329E1
2.222968708E0,2.221709930E1,8.439749451E0,7.793992310E0,2.501150112E1
2.233015708E0,3.310201401E1,2.016860916E1,8.378826141E0,3.965754473E1
2.243062708E0,4.300781479E1,3.099559433E1,7.168443146E0,5.349565943E1
2.253108708E0,4.978512131E1,3.850532776E1,3.930825806E0,6.306084333E1
2.263155708E0,5.202401550E1,4.143952606E1,1.025068359E0,6.651904445E1
2.273202708E0,4.876080139E1,3.863106628E1,-1.835632782E0,6.223619993E1
2.283249708E0,4.110976181E1,3.188609253E1,-4.644990692E0,5.223323991E1
2.293296708E0,3.345243530E1,2.333602249E1,-7.197183380E0,4.141780803E1
2.303343708E0,2.753089920E1,1.456186844E1,-7.821085968E0,3.211180171E1
2.313390708E0,2.221395584E1,5.968987427E0,-6.380781097E0,2.387054697E1
2.323437708E0,1.594993195E1,-2.546354828E0,-3.393892365E0,1.650462836E1
2.333484708E0,7.891888733E0,-9.878407745E0,4.125421143E-1,1.265049558E1
2.343531708E0,-5.989045715E-1,-1.642549301E1,4.027674408E0,1.692269684E1
2.353578708E0,-1.062026505E1,-2.210932343E1,6.800508270E0,2.545307692E1
2.363625708E0,-2.286599991E1,-2.758164368E1,7.517666931E0,3.660759943E1
2.373672708E0,-3.700739273E1,-3.301040451E1,5.637127533E0,4.991003035E1
2.383718708E0,-4.946179367E1,-3.573354172E1,2.204166412E0,6.105909749E1
2.393765708E0,-5.332196640E1,-3.599414978E1,1.970202942E0,6.436375237E1
2.403812708E0,-4.723831741E1,-3.583547974E1,5.135370941E0,5.951480719E1
2.413859708E0,-3.355212799E1,-3.485980865E1,7.316485291E0,4.893344980E1
2.423906708E0,-1.526660294E1,-3.182262451E1,6.324348450E0,3.585730022E1
2.433953708E0,4.559668121E0,-2.536595123E1,3.748804321E0,2.604372456E1
2.444000708E0,2.063668579E1,-1.690135345E1,1.726809082E0,2.673032769E1
2.454047708E0,2.951262817E1,-9.828561401E0,1.517843628E0,3.114321259E1
2.464094708E0,3.371349243E1,-4.557871857E0,4.248764648E0,3.428448292E1
2.474141708E0,3.921709763E1,1.911524963E0,7.015012207E0,3.988539921E1
2.484188708E0,4.969620621E1,1.200383789E1,8.301886139E0,5.179504174E1
2.494234708E0,6.244788895E1,2.408970520E1,9.703271942E0,6.763287822E1
2.504281708E0,7.188740936E1,3.448633530E1,1.131152756E1,8.052985535E1
2.514328708E0,7.400236130E1,4.096606064E1,1.235755234E1,8.548261052E1
2.524375708E0,6.871924759E1,4.155029572E1,1.161853912E1,8.114032607E1
2.534422708E0,5.940277130E1,3.686444000E1,9.021140442E0,7.049153956E1
2.544469708E0,5.120716415E1,2.952999207E1,5.561235352E0,5.937273306E1
2.554516708E0,4.308370697E1,2.152628586E1,2.244133301E0,4.821434354E1
2.564563708E0,3.586601624E1,1.410920975E1,-1.098565521E0,3.855707155E1
2.574610708E0,3.141262711E1,7.770491180E0,-2.342628479E0,3.244413018E1
2.584657708E0,2.954106903E1,3.237767029E0,-1.196611633E0,2.974205397E1
2.594704708E0,2.980601807E1,-1.035845947E-1,1.191821594E0,2.983001645E1
2.604751708E0,3.117252640E1,-3.378474426E0,3.567980347E0,3.155742346E1
2.614798708E0,3.170886108E1,-7.748486938E0,6.670428772E0,3.331644550E1
2.624844708E0,3.060026642E1,-1.204919357E1,9.814041595E0,3.432018041E1
2.634891708E0,2.872032578E1,-1.573557770E1,1.181029037E1,3.481305038E1
2.644938708E0,2.664249664E1,-1.837339233E1,1.196985855E1,3.450625577E1
2.654985708E0,2.508169235E1,-2.023192749E1,1.158815231E1,3.424481647E1
2.665032708E0,2.360171997E1,-2.197175949E1,1.161689255E1,3.427464942E1
2.675079708E0,2.027084656E1,-2.427052917E1,1.196446976E1,3.380997402E1
2.685126708E0,1.427042450E1,-2.663306625E1,1.220172638E1,3.258599945E1
2.695173708E0,7.620652771E0,-2.770813065E1,1.137828873E1,3.090760921E1
2.705220708E0,2.169288940E0,-2.774450500E1,9.085356903E0,2.927468330E1
2.715267708E0,-2.534529419E0,-2.703707611E1,6.917115784E0,2.802273746E1
2.725314708E0,-7.347620544E0,-2.758673309E1,4.470753021E0,2.889641852E1
2.735361708E0,-1.423120605E1,-2.856569733E1,1.064735870E0,3.193211474E1
2.745407708E0,-2.193508575E1,-2.964704865E1,-2.781665497E0,3.698422831E1
2.755454708E0,-2.852767639E1,-3.143298477E1,-5.799090729E0,4.284262253E1
2.765501708E0,-3.477403702E1,-3.294244583E1,-6.395151215E0,4.832531787E1
2.775548708E0,-3.943235001E1,-3.491429535E1,-4.718188477E0,5.287891403E1
2.785595708E0,-4.321902557E1,-3.717160126E1,-2.338437195E0,5.705331191E1
2.795642708E0,-4.496544388E1,-3.851550659E1,7.005432129E-2,5.920591439E1
2.805689708E0,-4.243286041E1,-3.921769638E1,1.608255615E0,5.780278400E1
2.815736708E0,-3.433919128E1,-4.022659836E1,1.215771790E0,5.290403930E1
2.825783708E0,-2.403955948E1,-4.130211182E1,2.198927307E-1,4.778925835E1
2.835830708E0,-1.203886505E1,-4.305302078E1,-1.676363983E0,4.473597061E1
2.845876708E0,3.933819580E-1,-4.475273621E1,-3.017125854E0,4.485604971E1
2.855923708E0,1.175595337E1,-4.614903259E1,-3.376079407E0,4.774236652E1
2.865970708E0,2.085583008E1,-4.662174957E1,-3.722309418E0,5.120945976E1
2.876017708E0,2.803011108E1,-4.547782837E1,-4.336781616E0,5.359783275E1
2.886064708E0,3.167727676E1,-4.383858719E1,-4.472998352E0,5.427042753E1
2.896111708E0,3.176379684E1,-4.291066681E1,-3.279230804E0,5.348847979E1
2.906158708E0,3.194042953E1,-4.157304840E1,-1.136436768E0,5.243854385E1
2.916205708E0,3.634427170E1,-3.850068741E1,1.735341339E0,5.297377111E1
2.926252708E0,4.208633102E1,-3.253169998E1,5.050647125E0,5.343294676E1
2.936299708E0,4.483192154E1,-2.491868134E1,4.991819458E0,5.153406766E1
2.946346708E0,4.345792877E1,-1.884551056E1,3.146756287E0,4.747259121E1
2.956393708E0,4.131049438E1,-1.569261703E1,4.818330231E0,4.445257565E1
2.966439708E0,3.938205460E1,-1.341255844E1,8.133486328E0,4.239099607E1
2.976486708E0,3.844679947E1,-9.934241638E0,1.134146530E1,4.129738952E1
2.986533708E0,4.179773117E1,-5.019661560E0,1.575309128E1,4.494894012E1
2.996580708E0,4.831966873E1,2.174228668E0,1.964739304E1,5.220668262E1
3.006627708E0,5.358032913E1,1.065289719E1,2.127286285E1,5.862482906E1
3.016674708E0,5.481855423E1,1.658940216E1,2.078128510E1,6.092736628E1
3.026721708E0,5.002088104E1,1.929757050E1,1.704550369E1,5.625863457E1
3.036768708E0,4.209740799E1,2.008223877E1,1.092188782E1,4.790381725E1
3.046815708E0,3.640115341E1,2.155352921E1,7.189848633E0,4.291028448E1
3.056862708E0,3.533641754E1,2.422682007E1,8.285420380E0,4.363770624E1
3.066909708E0,3.815969650E1,2.512525177E1,1.206071960E1,4.725358898E1
3.076956708E0,4.227044815E1,2.311493225E1,1.625140503E1,5.084485269E1
3.087002708E0,4.458104324E1,1.940190353E1,1.861948059E1,5.206331083E1
3.097049708E0,4.437956223E1,1.590592346E1,1.812999847E1,5.050980884E1
3.107096708E0,4.347050262E1,1.381162857E1,1.647833313E1,4.849722822E1
3.117143708E0,4.337230682E1,1.202554276E1,1.550176392E1,4.760331251E1
3.127190708E0,4.402435089E1,9.857750702E0,1.489627304E1,4.751018492E1
3.137237708E0,4.433705063E1,6.985373840E0,1.420171738E1,4.707715245E1
3.147284708E0,4.288387253E1,4.291276245E0,1.474254272E1,4.554979847E1
3.157331708E0,4.024815353E1,2.013762360E0,1.689072556E1,4.369514517E1
3.167378708E0,3.784041046E1,2.974314880E-1,1.923080933E1,4.244772263E1
3.177425708E0,3.641776886E1,-6.580316162E-1,2.049193680E1,4.179241998E1
3.187471875E0,3.486983780E1,-1.356329498E0,2.016696259E1,4.030448607E1
3.197518875E0,3.226450562E1,-2.285896454E0,1.840826981E1,3.721677098E1
3.207564875E0,2.983610550E1,-3.702849884E0,1.618718857E1,3.414570782E1
3.217611875E0,2.851076157E1,-5.360802155E0,1.446546890E1,3.241684000E1
3.227658875E0,2.711192047E1,-7.389533386E0,1.320224579E1,3.104771697E1
3.237705875E0,2.566068832E1,-9.637408905E0,1.198722244E1,2.991728727E1
3.247752875E0,2.432830902E1,-1.187136337E1,1.155537048E1,2.943335651E1
3.257799875E0,2.324965210E1,-1.413390839E1,1.098760117E1,2.934350130E1
3.267846875E0,2.258278885E1,-1.590053467E1,9.624385986E0,2.924787446E1
3.277893875E0,2.258039383E1,-1.681947372E1,8.401878204E0,2.938299575E1
3.287940875E0,2.246603165E1,-1.730656082E1,7.544610901E0,2.934554104E1
3.297987875E0,2.199885315E1,-1.777418839E1,6.904841309E0,2.911268016E1
3.308034875E0,2.112781448E1,-1.836950043E1,6.530918884E0,2.874849548E1
3.318080875E0,1.982522324E1,-1.848999985E1,6.365812225E0,2.784677963E1
3.328127875E0,1.813643509E1,-1.899954025E1,5.806275787E0,2.690029082E1
3.338174875E0,1.590742035E1,-1.928110474E1,5.411396942E0,2.557518795E1
3.348221875E0,1.343201797E1,-1.911075897E1,5.018164673E0,2.389188549E1
3.358268875E0,1.112666199E1,-1.894610138E1,4.750820618E0,2.247949423E1
3.368315875E0,8.725355530E0,-1.858924347E1,4.395758972E0,2.100034521E1
3.378362875E0,5.809568939E0,-1.843147156E1,3.342998199E0,1.961239078E1
3.388409875E0,1.810784454E0,-1.849134705E1,2.609373779E0,1.876213441E1
3.398456875E0,-3.278182983E0,-1.887769363E1,2.975362701E0,1.938985776E1
3.408503875E0,-8.355175323E0,-1.981743942E1,3.622467041E0,2.180967967E1
3.418550875E0,-1.260453873E1,-2.089923981E1,3.929029541E0,2.472023249E1
3.428596875E0,-1.567345688E1,-2.194855774E1,4.337230682E0,2.731680815E1
3.438643875E0,-1.799033890E1,-2.325159805E1,4.794829102E0,2.978723706E1
3.448690875E0,-1.974005035E1,-2.377176636E1,5.820196838E0,3.144266457E1
3.458737875E0,-2.214210526E1,-2.247171982E1,7.704478455E0,3.247475951E1
3.468784875E0,-2.397564240E1,-2.166863983E1,8.377928009E0,3.338489266E1
3.478831875E0,-2.640883255E1,-2.181817886E1,7.907306671E0,3.515657640E1
3.488878875E0,-2.836421631E1,-2.241498779E1,6.992858276E0,3.682201124E1
3.498925875E0,-2.790003159E1,-2.384092255E1,5.893993378E0,3.716908000E1
3.508972875E0,-2.536954376E1,-2.503394165E1,4.947361908E0,3.598316794E1
3.519019875E0,-2.015543655E1,-2.619866959E1,2.952909393E0,3.318631623E1
3.529065875E0,-1.311842010E1,-2.701926315E1,4.414320374E-1,3.003878143E1
3.539112875E0,-5.664370880E0,-2.743973877E1,-1.784888306E0,2.807508125E1
3.549159875E0,1.435514832E0,-2.774660065E1,-3.605402527E0,2.801666429E1
3.559206875E0,7.275769958E0,-2.774196030E1,-4.248465271E0,2.899314827E1
3.569253875E0,1.211296097E1,-2.716805374E1,-3.622317352E0,2.996578300E1
3.579300875E0,1.625873978E1,-2.654564804E1,-1.761387177E0,3.117884754E1
3.589347875E0,1.911450119E1,-2.598955444E1,6.809339905E-1,3.226894431E1
3.599394875E0,2.112586853E1,-2.567999817E1,3.024310913E0,3.339028427E1
3.609441875E0,2.258413605E1,-2.508199173E1,6.298901367E0,3.433403076E1
3.619488875E0,2.402982971E1,-2.389301422E1,9.575288086E0,3.521356254E1
3.629535875E0,2.593087646E1,-2.215437973E1,1.031265472E1,3.563113446E1
3.639581875E0,2.795077606E1,-1.940399918E1,9.424701233E0,3.530702564E1
3.649628875E0,2.919483902E1,-1.627939682E1,9.082063751E0,3.463872498E1
3.659675875E0,3.041540085E1,-1.396999924E1,9.093889160E0,3.468366053E1
3.669722875E0,3.011991531E1,-1.196551758E1,1.064301773E1,3.411241322E1
3.679769875E0,2.807995743E1,-9.691745911E0,1.317754715E1,3.249710290E1
3.689816875E0,2.719110580E1,-8.073012085E0,1.422252411E1,3.173026869E1
3.699863875E0,2.797038528E1,-5.854026489E0,1.536554718E1,3.244552541E1
3.709910875E0,2.969270370E1,-2.577041016E0,1.723785370E1,3.443023953E1
3.719957875E0,3.077555191E1,7.458988953E-1,1.872231674E1,3.603076609E1
3.730004875E0,3.084590561E1,3.800147552E0,2.010454239E1,3.701491104E1
3.740051875E0,2.966201752E1,6.387068024E0,2.043266006E1,3.658037067E1
3.750097875E0,2.763867508E1,8.957822113E0,1.981444565E1,3.516747352E1
3.760144875E0,2.667917038E1,1.134236343E1,1.941687241E1,3.489186545E1
3.770191875E0,2.745934799E1,1.276395721E1,1.873234589E1,3.560667323E1
3.780238875E0,2.962833755E1,1.271441025E1,1.961012054E1,3.773660613E1
3.790285875E0,3.339106293E1,1.095242432E1,2.334081253E1,4.218663546E1
3.800332875E0,3.640279999E1,7.911348267E0,2.668755295E1,4.582552521E1
3.810379875E0,3.776182388E1,4.838089142E0,2.834700211E1,4.746488152E1
3.820426875E0,3.995311707E1,3.204536133E0,3.019296341E1,5.018102883E1
3.830473875E0,4.404994766E1,2.584675140E0,3.275368835E1,5.495345790E1
3.840520875E0,4.659690125E1,2.359094238E0,3.346545822E1,5.741753587E1
3.850566875E0,4.566254425E1,2.518961792E0,3.201482483E1,5.582438647E1
3.860613875E0,4.230637344E1,2.831362152E0,2.922372894E1,5.149633170E1
3.870660875E0,3.762620590E1,3.159928894E0,2.571487564E1,4.568338156E1
3.880707875E0,3.312596420E1,3.261417847E0,2.086062012E1,3.928271659E1
3.890754875E0,2.979628830E1,3.194956055E0,1.579979416E1,3.387713146E1
3.900801875E0,2.780183578E1,3.092269592E0,1.198916840E1,3.043426298E1
3.910848875E0,2.648876633E1,2.609673157E0,9.715396729E0,2.833467962E1
3.920895875E0,2.525099030E1,1.490300903E0,8.578810272E0,2.671010096E1
3.930942875E0,2.428789307E1,-1.501377869E-1,8.075856171E0,2.559577590E1
3.940989875E0,2.336745712E1,-2.161205750E0,8.472830658E0,2.494990425E1
3.951036875E0,2.265643570E1,-4.559219055E0,8.880133667E0,2.475797510E1
3.961082875E0,2.222368561E1,-7.165299683E0,8.213270416E0,2.475260658E1
3.971129875E0,2.264505936E1,-9.058562622E0,6.497837677E0,2.524040738E1
3.981176875E0,2.342942825E1,-1.028675858E1,5.001100159E0,2.607233233E1
3.991223875E0,2.380350037E1,-1.169517975E1,4.768334198E0,2.694663003E1
4.001270875E0,2.449790634E1,-1.318338501E1,5.256319427E0,2.831215197E1
4.011317875E0,2.571771973E1,-1.483160751E1,6.841223602E0,3.046604716E1
4.021364875E0,2.570589432E1,-1.717887634E1,9.111402740E0,3.223235106E1
4.031411875E0,2.407279037E1,-1.947315536E1,1.041579025E1,3.266790019E1
4.041458875E0,2.213596802E1,-2.156894714E1,1.049886749E1,3.264118226E1
4.051505875E0,2.013103729E1,-2.299009186E1,9.582024078E0,3.202527395E1
4.061551875E0,1.792507462E1,-2.321567276E1,7.758216705E0,3.033917745E1
4.071598875E0,1.626802048E1,-2.294548462E1,5.508095856E0,2.866152255E1
4.081645875E0,1.441098221E1,-2.276106812E1,3.613785095E0,2.718091376E1
4.091692875E0,1.112396759E1,-2.261796570E1,2.118245087E0,2.529430745E1
4.101739875E0,5.799839172E0,-2.289743454E1,6.173162842E-1,2.362862083E1
4.111786875E0,-5.840853882E-1,-2.318543564E1,-8.602610779E-1,2.320874039E1
4.121833875E0,-7.640860748E0,-2.341266312E1,-2.234253845E0,2.472908080E1
4.131880875E0,-1.400607422E1,-2.303889038E1,-3.284020844E0,2.716146863E1
4.141927875E0,-1.810095886E1,-2.249776566E1,-3.820804596E0,2.912718179E1
4.151974875E0,-2.118005585E1,-2.135159912E1,-3.254831543E0,3.025028064E1
4.162020875E0,-2.468561600E1,-1.972253677E1,-1.398092651E0,3.162772134E1
4.172067875E0,-2.685610245E1,-1.915312088E1,1.636097717E0,3.302679358E1
4.182114875E0,-2.912852692E1,-1.973286530E1,4.510420532E0,3.547112835E1
4.192161958E0,-3.139496384E1,-2.108590164E1,6.048172760E0,3.829933937E1
4.202208958E0,-3.131443130E1,-2.285103104E1,7.224426727E0,3.943292493E1
4.212255958E0,-2.902239761E1,-2.397743866E1,8.253686371E0,3.854011503E1
4.222302958E0,-2.421499466E1,-2.531805084E1,7.522307281E0,3.583231463E1
4.232349958E0,-1.766416718E1,-2.653187668E1,4.729864197E0,3.222320433E1
4.242396958E0,-9.810149689E0,-2.743135620E1,1.408870239E0,2.916681771E1
4.252443958E0,-8.569679260E-1,-2.748000504E1,-1.188678131E0,2.751904843E1
4.262489958E0,7.769443359E0,-2.619118515E1,-2.367626495E0,2.742167181E1
4.272536958E0,1.482127899E1,-2.412997147E1,-1.634002075E0,2.836539788E1
4.282583958E0,1.971355545E1,-2.184542221E1,2.980302429E-1,2.942678307E1
4.292630958E0,2.226410156E1,-2.027204407E1,2.326312408E0,3.020029335E1
4.302677958E0,2.207863724E1,-1.913381104E1,4.349056091E0,2.953782720E1
4.312724958E0,2.166953796E1,-1.857577148E1,6.106401672E0,2.918760530E1
4.322771958E0,2.236948242E1,-1.788780212E1,7.890242157E0,2.970897390E1
4.332818958E0,2.340203522E1,-1.667966446E1,9.163494415E0,3.016348933E1
4.342865958E0,2.417966812E1,-1.510957947E1,9.887688446E0,3.017817299E1
4.352912958E0,2.480671417E1,-1.340776840E1,1.138502472E1,3.040986862E1
4.362958958E0,2.605302246E1,-1.128233826E1,1.283640656E1,3.115805625E1
4.373005958E0,2.773791870E1,-8.301736450E0,1.353021378E1,3.195899946E1
4.383052958E0,2.938150085E1,-4.521048431E0,1.439825867E1,3.303062706E1
4.393099958E0,3.050222031E1,-5.412744141E-1,1.468461319E1,3.385729295E1
4.403146958E0,3.060610428E1,3.081791382E0,1.433748505E1,3.393809857E1
4.413193958E0,2.979000137E1,5.740412750E0,1.434676575E1,3.355929391E1
4.423240958E0,2.832933884E1,7.696245575E0,1.440065369E1,3.269804981E1
4.433287958E0,2.574930405E1,9.585017853E0,1.350461700E1,3.061492947E1
4.443334958E0,2.264431091E1,1.063418610E1,1.080213684E1,2.724953011E1
4.453381958E0,1.997042130E1,1.144834305E1,7.522157593E0,2.421704235E1
4.463427958E0,1.823627747E1,1.282218613E1,5.431006165E0,2.294484911E1
4.473474958E0,1.778302002E1,1.443418396E1,5.669609985E0,2.359504069E1
4.483521958E0,2.025138702E1,1.519175858E1,9.099128265E0,2.690171631E1
4.493568958E0,2.634701111E1,1.377016479E1,1.538066574E1,3.347158962E1
4.503615958E0,3.205075012E1,1.141451340E1,2.250554947E1,4.079266425E1
4.513662958E0,3.612138519E1,9.226064301E0,2.801095093E1,4.663140683E1
4.523709958E0,3.982198975E1,7.961344299E0,3.058799194E1,5.084091975E1
4.533756958E0,4.313026016E1,8.007747803E0,3.184657471E1,5.420837285E1
4.543803958E0,4.499852509E1,7.485184479E0,3.206077927E1,5.575651364E1
4.553850958E0,4.306604370E1,6.429729309E0,3.030508026E1,5.305113975E1
4.563896958E0,3.798306381E1,5.310207367E0,2.716790405E1,4.700006861E1
4.573943958E0,3.280473221E1,4.685706024E0,2.335757767E1,4.054235724E1
4.583990958E0,2.865236710E1,4.683760071E0,1.887604706E1,3.462948023E1
4.594037958E0,2.548405563E1,4.797972565E0,1.375789032E1,2.935536030E1
4.604084958E0,2.278067734E1,4.637057190E0,9.383985901E0,2.507031613E1
4.614131958E0,2.075958023E1,4.355492706E0,6.833290100E0,2.228506993E1
4.624178958E0,1.960263611E1,4.120331726E0,5.814957733E0,2.085795314E1
4.634225958E0,1.910267578E1,3.559897156E0,5.930517426E0,2.031640044E1
4.644272958E0,1.849374207E1,2.254461823E0,6.599476318E0,1.976497360E1
4.654319958E0,1.809272598E1,5.333409119E-1,7.184310150E0,1.947422651E1
4.664365958E0,1.800845123E1,-1.059197388E0,7.325915680E0,1.947036865E1
4.674412958E0,1.831740875E1,-2.466720428E0,7.447313232E0,1.992673198E1
4.684459958E0,1.852158417E1,-4.115242310E0,7.350764008E0,2.034743303E1
4.694506958E0,1.885284531E1,-5.495222626E0,7.151079254E0,2.089892778E1
4.704553958E0,1.990800110E1,-6.888824615E0,7.118896179E0,2.223652615E1
4.714600958E0,2.041335022E1,-8.911568298E0,6.871311035E0,2.330956525E1
4.724647958E0,1.954695190E1,-1.109462860E1,6.436315613E0,2.337948398E1
4.734694958E0,1.788211395E1,-1.292247757E1,5.748046875E0,2.279913307E1
4.744741958E0,1.586445969E1,-1.440379715E1,5.242398376E0,2.205976415E1
4.754788958E0,1.386027740E1,-1.551733154E1,5.176834717E0,2.144048707E1
4.764834958E0,1.207404190E1,-1.582209778E1,4.912484436E0,2.050009193E1
4.774881958E0,1.064720901E1,-1.574620560E1,4.353097687E0,1.950014128E1
4.784928958E0,9.661658478E0,-1.554517365E1,3.570824432E0,1.864807913E1
4.794975958E0,8.345295868E0,-1.550266205E1,2.938838654E0,1.784974135E1
4.805022958E0,5.747597809E0,-1.550730240E1,2.136058044E0,1.667555253E1
4.815069958E0,1.680704956E0,-1.554831711E1,9.125024414E-1,1.566549057E1
4.825116958E0,-3.200943604E0,-1.541269913E1,-1.648072815E-1,1.574244250E1
4.835163958E0,-7.842491455E0,-1.509446091E1,-4.267625427E-1,1.701556783E1
4.845210958E0,-1.142244690E1,-1.466919525E1,-4.041595459E-1,1.859626111E1
4.855257958E0,-1.410621597E1,-1.435080734E1,-8.128097534E-1,2.013930635E1
4.865303958E0,-1.707738739E1,-1.412597488E1,-2.051932983E0,2.225737530E1
4.875350958E0,-2.115730316E1,-1.338995544E1,-2.793939972E0,2.519381838E1
4.885397958E0,-2.494188309E1,-1.317560120E1,-2.811752930E0,2.834783860E1
4.895444958E0,-2.791365326E1,-1.397269363E1,-2.244432678E0,3.129609694E1
4.905491958E0,-2.907374084E1,-1.549772232E1,-2.022444305E0,3.300836386E1
4.915538958E0,-2.841810425E1,-1.640947632E1,-1.037941589E0,3.283194915E1
4.925585958E0,-2.499876480E1,-1.692769867E1,3.378474426E-1,3.019270383E1
4.935632958E0,-1.936612793E1,-1.757420425E1,8.776249695E-1,2.616619559E1
4.945679958E0,-1.302246964E1,-1.789962753E1,6.137237549E-1,2.214402940E1
4.955725958E0,-6.503675537E0,-1.793645096E1,-2.210902405E-1,1.908043368E1
4.965772958E0,-2.541714478E-1,-1.782119064E1,-1.115630035E0,1.785788536E1
4.975819958E0,5.141508179E0,-1.749427048E1,-1.552122345E0,1.830010081E1
4.985866958E0,9.528435516E0,-1.694446381E1,-1.060095520E0,1.946868613E1
4.995913958E0,1.241907440E1,-1.648955978E1,8.831634521E-2,2.064332315E1
5.005960958E0,1.376268036E1,-1.633642822E1,2.217788086E0,2.147577337E1
5.016007958E0,1.442894485E1,-1.604468491E1,4.348607025E0,2.201219540E1
5.026054958E0,1.459120743E1,-1.547571808E1,5.348527679E0,2.193189305E1
5.036101958E0,1.482846405E1,-1.447879120E1,5.126389618E0,2.134944054E1
5.046148958E0,1.551897812E1,-1.300929703E1,4.737049255E0,2.079711823E1
5.056194958E0,1.752061569E1,-1.078686859E1,4.437222748E0,2.104797981E1
5.066241958E0,2.014555710E1,-7.716303864E0,4.426145782E0,2.202216117E1
5.076288958E0,2.172641968E1,-4.833598480E0,5.975124664E0,2.304567424E1
5.086335958E0,2.277573761E1,-2.128723297E0,8.270601196E0,2.432423752E1
5.096382958E0,2.376024033E1,9.972262573E-1,9.822274475E0,2.572976013E1
5.106429958E0,2.388552979E1,3.930376740E0,1.096080688E1,2.657264913E1
5.116476958E0,2.384047348E1,5.974675598E0,1.217792587E1,2.742930555E1
5.126523958E0,2.405048676E1,7.532635803E0,1.427611267E1,2.896504632E1
5.136570958E0,2.347268829E1,8.963360596E0,1.622461075E1,2.990897729E1
5.146617958E0,2.188000031E1,9.801168365E0,1.693593155E1,2.935341704E1
5.156663958E0,1.975307327E1,1.055455170E1,1.623718460E1,2.766276611E1
5.166710958E0,1.737451950E1,1.172811127E1,1.463431778E1,2.556532375E1
5.176757958E0,1.603300919E1,1.326601318E1,1.233674561E1,2.419172961E1
5.186804958E0,1.634466110E1,1.489687180E1,9.981393585E0,2.426299556E1
5.196851958E0,1.934187836E1,1.549038757E1,9.980495453E0,2.671461501E1
5.206898958E0,2.471869720E1,1.313099396E1,1.411609543E1,3.134806444E1
5.216945958E0,2.843891098E1,9.996362457E0,1.986638763E1,3.610224754E1
5.226992958E0,3.126862656E1,8.328231354E0,2.595422791E1,4.148142223E1
5.237039958E0,3.519391388E1,8.242459717E0,3.153222839E1,4.796697972E1
5.247086958E0,3.986944107E1,9.533075867E0,3.419534042E1,5.338326679E1
5.257132958E0,4.331692200E1,1.029603928E1,3.445759506E1,5.630000012E1
5.267179958E0,4.246728882E1,1.005668701E1,3.296430038E1,5.469234565E1
5.277226958E0,3.805102249E1,1.010219238E1,2.958777191E1,4.924805428E1
5.287273958E0,3.369059006E1,1.013407608E1,2.500879395E1,4.316474407E1
5.297320958E0,3.004013123E1,9.934690704E0,1.978465759E1,3.731675548E1
5.307367958E0,2.640883255E1,9.487420807E0,1.472248444E1,3.168894347E1
5.317414958E0,2.340757370E1,8.696764984E0,1.074720108E1,2.718548434E1
5.327461958E0,2.152493866E1,7.862400055E0,8.560997314E0,2.446284926E1
5.337508958E0,2.078936829E1,7.110663300E0,8.209378510E0,2.345534612E1
5.347555958E0,2.096525253E1,5.957162018E0,8.528065796E0,2.340421969E1
5.357601958E0,2.193867828E1,4.493655396E0,8.553213501E0,2.397198375E1
5.367648958E0,2.288516006E1,2.743345184E0,8.398135986E0,2.453131024E1
5.377695958E0,2.318917786E1,5.260061646E-1,8.242310028E0,2.461605831E1
5.387742958E0,2.309951431E1,-2.172731781E0,7.722291412E0,2.445285483E1
5.397789958E0,2.292916855E1,-4.860841827E0,6.883435822E0,2.442859477E1
5.407836958E0,2.284459442E1,-7.372319183E0,6.239025879E0,2.480225853E1
5.417883958E0,2.283291870E1,-9.884994049E0,6.476432190E0,2.570990972E1
5.427930958E0,2.265089722E1,-1.235066666E1,7.205565948E0,2.678660658E1
5.437977958E0,2.196113159E1,-1.456935287E1,7.655230865E0,2.744375892E1
5.448024958E0,2.028162415E1,-1.621682693E1,7.932304688E0,2.715237027E1
5.458070958E0,1.813164505E1,-1.723515930E1,8.168812866E0,2.631609340E1
5.468117958E0,1.593660965E1,-1.780053360E1,8.247848511E0,2.527571025E1
5.478164958E0,1.355895401E1,-1.796099991E1,7.569758606E0,2.374329372E1
5.488211958E0,1.110420868E1,-1.771850418E1,6.547833710E0,2.191170845E1
5.498258958E0,8.808732147E0,-1.725446915E1,5.320535889E0,2.009026057E1
5.508305958E0,6.597081299E0,-1.649659515E1,4.015699310E0,1.821496567E1
5.518352958E0,3.991599426E0,-1.634421204E1,2.570005646E0,1.701972568E1
5.528399958E0,3.204835510E-1,-1.639630371E1,7.809260559E-1,1.641801847E1
5.538446958E0,-4.295168152E0,-1.606279724E1,-1.401834869E0,1.668613393E1
5.548493958E0,-9.517657928E0,-1.573917023E1,-3.887865143E0,1.879954221E1
5.558539958E0,-1.445678696E1,-1.474388992E1,-5.566025391E0,2.138601454E1
5.568586958E0,-1.850616623E1,-1.338396790E1,-6.075266418E0,2.363297796E1
5.578633958E0,-2.141132492E1,-1.299687286E1,-6.010900269E0,2.575838623E1
5.588680958E0,-2.366309235E1,-1.319491104E1,-5.420977020E0,2.763032046E1
5.598727958E0,-2.489817398E1,-1.372436005E1,-4.334985352E0,2.875881125E1
5.608774958E0,-2.437366470E1,-1.426024567E1,-2.355052643E0,2.833683840E1
5.618821958E0,-2.151371201E1,-1.473655518E1,-2.043251038E-1,2.607772251E1
5.628868958E0,-1.826247299E1,-1.505823624E1,1.697470093E0,2.373077755E1
5.638915958E0,-1.447340240E1,-1.536180496E1,2.758763123E0,2.128556325E1
5.648961958E0,-1.019005966E1,-1.557780579E1,3.075354767E0,1.886698587E1
5.659008958E0,-5.294939117E0,-1.517529282E1,2.852468262E0,1.632367812E1
5.669055958E0,-6.828799438E-1,-1.461964828E1,2.449356537E0,1.483913031E1
5.679102958E0,2.991529083E0,-1.423180481E1,2.410437469E0,1.474122529E1
5.689149958E0,5.438191223E0,-1.402164185E1,2.444267120E0,1.523662711E1
5.699196958E0,6.920858002E0,-1.376417725E1,2.379751282E0,1.558890846E1
5.709243958E0,7.957302704E0,-1.345372284E1,2.020049286E0,1.576077167E1
5.719290958E0,9.291777649E0,-1.252849686E1,1.225501556E0,1.564615670E1
5.729337958E0,1.160551620E1,-1.092622879E1,-7.409591675E-2,1.593976073E1
5.739384958E0,1.317305649E1,-9.470056915E0,-1.379830627E0,1.628236248E1
5.749430958E0,1.351195175E1,-7.942932587E0,-1.733844452E0,1.576924966E1
5.759477958E0,1.348006805E1,-5.969286804E0,-1.006806335E0,1.477695093E1
5.769524958E0,1.400981644E1,-3.998036041E0,3.144960022E-1,1.457251373E1
5.779571958E0,1.490061401E1,-1.851799164E0,1.723066864E0,1.511378237E1
5.789618958E0,1.607611954E1,5.989045715E-1,3.091221771E0,1.638157374E1
5.799665958E0,1.875988861E1,3.424279175E0,5.035678253E0,1.972351804E1
5.809712958E0,2.171549240E1,6.539451141E0,8.249046021E0,2.413242200E1
5.819759958E0,2.370066422E1,9.375453644E0,1.184905975E1,2.810730923E1
5.829806958E0,2.396606232E1,1.127515320E1,1.411878983E1,3.001402087E1
5.839853958E0,2.194511490E1,1.149295029E1,1.516676056E1,2.904662803E1
5.849899958E0,1.844853607E1,1.087967560E1,1.557585983E1,2.648250807E1
5.859946958E0,1.490705063E1,1.013736923E1,1.415950516E1,2.292330691E1
5.869993958E0,1.281395325E1,9.435029755E0,1.082069824E1,1.924330259E1
5.880040958E0,1.163096329E1,9.248667297E0,7.010371857E0,1.643053460E1
5.890087958E0,1.121512802E1,9.387877808E0,5.131928101E0,1.549993653E1
5.900134958E0,1.358694580E1,9.377549286E0,9.128616943E0,1.886465409E1
5.910181958E0,1.887170609E1,7.930658112E0,1.632804565E1,2.618476090E1
5.920228958E0,2.396396667E1,6.354735260E0,2.243714172E1,3.343769860E1
5.930275958E0,2.818773331E1,6.550079041E0,2.671764038E1,3.938634474E1
5.940322958E0,3.240236893E1,8.681945801E0,2.801813599E1,4.370704336E1
5.950368958E0,3.642375641E1,1.072804092E1,2.680131638E1,4.647678402E1
5.960415958E0,3.779969513E1,1.104612946E1,2.471899658E1,4.649583551E1
5.970462958E0,3.587589569E1,1.086335953E1,2.494727188E1,4.502731222E1
5.980509958E0,3.199132370E1,1.085048630E1,2.633129379E1,4.283123717E1
5.990556958E0,2.822665237E1,1.130359406E1,2.649250854E1,4.032825501E1
6.000603958E0,2.539109894E1,1.197599579E1,2.524754745E1,3.775673493E1
6.010650958E0,2.292123505E1,1.217238739E1,2.224554016E1,3.418207261E1
6.020697958E0,2.006996429E1,1.180190781E1,1.811772400E1,2.950153246E1
6.030744958E0,1.711930023E1,1.113220047E1,1.378872620E1,2.463991270E1
6.040791958E0,1.481693802E1,1.012344818E1,9.898016968E0,2.049381846E1
6.050837958E0,1.327963486E1,9.165290680E0,6.734196167E0,1.748429733E1
6.060884958E0,1.270947052E1,8.610843658E0,4.538562012E0,1.600861688E1
6.070931958E0,1.306992096E1,8.093369751E0,3.389551392E0,1.574212586E1
6.080978958E0,1.402089340E1,7.475454712E0,3.520529022E0,1.627458139E1
6.091025958E0,1.528067368E1,6.580914917E0,4.571942596E0,1.725427739E1
6.101072958E0,1.712349152E1,5.319488068E0,5.964197388E0,1.889662842E1
6.111119958E0,1.899460052E1,3.522924042E0,6.966962128E0,2.053641654E1
6.121166958E0,2.027518753E1,1.473236389E0,7.111262054E0,2.153656665E1
6.131213958E0,2.105820923E1,-7.679031372E-1,7.302264862E0,2.230159015E1
6.141259958E0,2.165397034E1,-3.124153290E0,7.530540161E0,2.313792990E1
6.151306958E0,2.235630981E1,-4.830455017E0,8.805289307E0,2.450859041E1
6.161353958E0,2.330818039E1,-6.422244873E0,1.098266144E1,2.655438485E1
6.171400958E0,2.426918198E1,-8.165220337E0,1.293639862E1,2.868822801E1
6.181447958E0,2.431992645E1,-1.006057892E1,1.424707306E1,2.992746500E1
6.191494958E0,2.318663315E1,-1.223435852E1,1.411819107E1,2.977621205E1
6.201541958E0,2.116613480E1,-1.419034103E1,1.302007462E1,2.861631325E1
6.211588958E0,1.803539520E1,-1.591280914E1,1.091245743E1,2.641163952E1
6.221635958E0,1.328846649E1,-1.733155884E1,8.712931366E0,2.351343119E1
6.231682958E0,7.898325348E0,-1.841246109E1,6.387517090E0,2.102861482E1
6.241728958E0,1.798659668E0,-1.873399246E1,3.562890930E0,1.915442095E1
6.251775958E0,-4.940625916E0,-1.853206238E1,-9.430389404E-3,1.917934330E1
6.261822958E0,-1.222313187E1,-1.720896378E1,-2.803070984E0,2.129344016E1
6.271869958E0,-1.813957855E1,-1.535581741E1,-4.053570557E0,2.410968421E1
6.281916958E0,-2.206127335E1,-1.543949341E1,-4.818779297E0,2.735504290E1
6.291963958E0,-2.478545837E1,-1.553843765E1,-5.309608612E0,2.973136282E1
6.302010958E0,-2.693753311E1,-1.556642944E1,-4.669988708E0,3.146034345E1
6.312057958E0,-2.590887222E1,-1.529354691E1,-2.642305298E0,3.020172204E1
6.322104958E0,-2.229344055E1,-1.547287399E1,-2.954855347E-1,2.713843461E1
6.332150958E0,-1.870016281E1,-1.570234680E1,1.751507721E0,2.448116753E1
6.342197958E0,-1.556403442E1,-1.603046448E1,2.777773590E0,2.251512792E1
6.352244958E0,-1.214798813E1,-1.582613937E1,2.650238800E0,2.012620354E1
6.362291958E0,-7.710765381E0,-1.529624130E1,2.212998047E0,1.727218171E1
6.372338958E0,-2.988535309E0,-1.473191483E1,2.096540222E0,1.517748789E1
6.382385958E0,1.713636475E0,-1.415187103E1,2.406096497E0,1.445687740E1
6.392432958E0,5.614973602E0,-1.343501175E1,2.858156433E0,1.483902043E1
6.402479958E0,8.043972473E0,-1.283086807E1,3.094514923E0,1.545680081E1
6.412526958E0,9.757010193E0,-1.223705292E1,2.975362701E0,1.593102304E1
6.422573958E0,1.151510422E1,-1.129206802E1,2.400857391E0,1.630559847E1
6.432619958E0,1.427222076E1,-9.497899017E0,1.804796906E0,1.723843564E1
6.442666958E0,1.643103149E1,-7.154222717E0,2.038460999E0,1.803654684E1
6.452713958E0,1.706960358E1,-4.697681122E0,2.755919037E0,1.791744022E1
6.462760958E0,1.686902069E1,-2.271077271E0,3.524121552E0,1.738220595E1
6.472807958E0,1.639330994E1,5.328918457E-2,4.175417175E0,1.691678335E1
6.482854958E0,1.657293640E1,2.656825104E0,4.778812408E0,1.745158986E1
6.492901958E0,1.751028717E1,5.349425812E0,5.030588837E0,1.898771543E1
6.502948958E0,1.850601654E1,8.143515472E0,4.850064240E0,2.079212869E1
6.512995958E0,1.882799698E1,1.064226929E1,4.424349518E0,2.207546680E1
6.523042958E0,1.779185165E1,1.248029709E1,3.860771484E0,2.207291003E1
6.533088958E0,1.582224747E1,1.329984283E1,3.496728516E0,2.096321647E1
6.543135958E0,1.365729950E1,1.341525284E1,3.432961121E0,1.944932031E1
6.553182958E0,1.160042679E1,1.315838699E1,3.789519653E0,1.794640658E1
6.563229958E0,9.406888275E0,1.295570847E1,4.081412659E0,1.652264683E1
6.573276958E0,7.347919922E0,1.293280609E1,4.628824310E0,1.557804272E1
6.583323958E0,5.593418427E0,1.323876984E1,5.724396057E0,1.546997307E1
6.593370958E0,4.210444336E0,1.444930252E1,6.010002136E0,1.620587272E1
6.603417958E0,6.329737244E0,1.590592346E1,6.299649811E0,1.824142435E1
6.613464958E0,1.449361038E1,1.563738190E1,1.087772964E1,2.393569420E1
6.623510958E0,2.382550461E1,1.408256516E1,1.928903824E1,3.373485301E1
6.633557958E0,3.157893127E1,1.293130920E1,2.769570648E1,4.394883179E1
6.643604958E0,3.759896255E1,1.201386703E1,3.258618668E1,5.118471010E1
6.653651958E0,4.041415833E1,1.129087051E1,3.301145233E1,5.339048544E1
6.663698958E0,3.953877869E1,1.058329193E1,2.969599686E1,5.056850124E1
6.673745958E0,3.571902191E1,8.781937866E0,2.612711838E1,4.511759384E1
6.683792958E0,3.016093002E1,6.735243988E0,2.372027344E1,3.895762548E1
6.693839958E0,2.422068283E1,5.812413025E0,2.180874847E1,3.310660254E1
6.703886958E0,2.004137375E1,5.568869476E0,1.999601807E1,2.885324431E1
6.713933958E0,1.787058792E1,5.540578308E0,1.772299484E1,2.577131093E1
6.723979958E0,1.617536316E1,5.726342010E0,1.488369919E1,2.271470598E1
6.734026958E0,1.449510727E1,5.814209290E0,1.175475586E1,1.954705732E1
6.744073958E0,1.295795380E1,5.696853333E0,9.137448578E0,1.684801683E1
6.754120958E0,1.214065338E1,5.442083130E0,7.176975403E0,1.511690144E1
6.764167958E0,1.208302322E1,5.343288574E0,5.979765015E0,1.450199202E1
6.774214958E0,1.299223251E1,5.128784637E0,5.551206207E0,1.503058309E1
6.784261958E0,1.419977142E1,4.639601898E0,5.333558807E0,1.586210149E1
6.794308958E0,1.499806137E1,3.760180664E0,4.926704865E0,1.622816146E1
6.804355958E0,1.564591415E1,2.563419342E0,4.192631378E0,1.639950933E1
6.814402958E0,1.614856888E1,1.267414398E0,3.611839142E0,1.659602356E1
6.824448958E0,1.616997437E1,-4.032614136E-1,3.355721741E0,1.651942975E1
6.834495958E0,1.598810257E1,-2.265538788E0,3.063080292E0,1.643577046E1
6.844542958E0,1.560430069E1,-4.059707794E0,2.583178253E0,1.632936733E1
6.854589958E0,1.532243683E1,-5.633385315E0,2.344125366E0,1.649263545E1
6.864636958E0,1.514834885E1,-7.113357697E0,2.193538513E0,1.687850532E1
6.874683958E0,1.479119156E1,-8.388705597E0,1.846560059E0,1.710437118E1
6.884730958E0,1.428434555E1,-9.516161041E0,1.552122345E0,1.723394710E1
6.894777958E0,1.367586090E1,-1.066068100E1,1.254840546E0,1.738545126E1
6.904824958E0,1.264764908E1,-1.148337021E1,1.165027313E0,1.712273656E1
6.914871958E0,1.122231308E1,-1.226205093E1,1.138083344E0,1.666113555E1
6.924917958E0,9.169781342E0,-1.315105225E1,4.956193542E-1,1.603997206E1
6.934964958E0,5.419629822E0,-1.339684113E1,-9.325607300E-1,1.448162315E1
6.945011958E0,9.220825195E-2,-1.234557724E1,-3.218157806E0,1.275846070E1
6.955058958E0,-5.999074860E0,-1.078073135E1,-6.205794983E0,1.381032074E1
6.965105958E0,-1.154773636E1,-9.110205231E0,-9.311835938E0,1.740851352E1
6.975152958E0,-1.581925369E1,-8.160579987E0,-1.147004791E1,2.117559568E1
6.985199958E0,-1.865091522E1,-7.257657623E0,-1.274255173E1,2.372557391E1
6.995246958E0,-2.000844223E1,-6.887477417E0,-1.344159805E1,2.506893823E1
7.005293958E0,-1.861558868E1,-7.525600433E0,-1.258822266E1,2.369890617E1
7.015339958E0,-1.434167633E1,-9.361682281E0,-9.561067657E0,1.961475949E1
7.025386958E0,-1.014560211E1,-1.089973389E1,-5.378615112E0,1.583246480E1
7.035433958E0,-7.004833374E0,-1.195189590E1,-1.598525848E0,1.394527846E1
7.045480958E0,-4.141138458E0,-1.264390686E1,8.018824768E-1,1.332893184E1
7.055527958E0,-9.003776550E-1,-1.257100845E1,2.218087463E0,1.279690765E1
7.065574958E0,2.566413116E0,-1.196012878E1,3.413501587E0,1.269973031E1
7.075621958E0,6.548133087E0,-1.098370926E1,4.388873291E0,1.351969396E1
7.085668958E0,1.082818268E1,-9.111702118E0,5.478008423E0,1.517502000E1
7.095715958E0,1.429602127E1,-6.643335114E0,6.928641815E0,1.721964584E1
7.105762958E0,1.678384781E1,-4.079466705E0,8.000113678E0,1.903526766E1
7.115808958E0,1.813927917E1,-1.479074249E0,7.660020905E0,1.974581044E1
7.125855958E0,1.770413406E1,4.836442566E-1,6.781797180E0,1.896478441E1
7.135902958E0,1.682665878E1,1.967658234E0,5.774990845E0,1.789856542E1
7.145949958E0,1.547871185E1,3.164569244E0,4.492607574E0,1.642524100E1
7.155996958E0,1.336301147E1,3.923341370E0,3.537294159E0,1.436924261E1
7.166043958E0,1.237177277E1,4.878056030E0,3.024610291E0,1.363834519E1
7.176090958E0,1.297292267E1,6.108197937E0,2.897075500E0,1.462873375E1
7.186137958E0,1.403167099E1,7.339537354E0,3.554658051E0,1.622936207E1
7.196186083E0,1.468206848E1,8.429869995E0,4.799619141E0,1.759722100E1
7.206232083E0,1.380055161E1,8.793164520E0,6.203100586E0,1.750009782E1
7.216279083E0,1.157887161E1,8.583300934E0,6.550528107E0,1.583201633E1
7.226326083E0,9.450148315E0,8.465346222E0,5.716462555E0,1.391565068E1
7.236373083E0,8.821755066E0,8.711883545E0,5.256918182E0,1.346682836E1
7.246420083E0,9.243877258E0,8.776399384E0,5.893394623E0,1.404302507E1
7.256467083E0,9.782906342E0,8.721763000E0,7.227270813E0,1.496689179E1
7.266514083E0,9.922266541E0,8.427025909E0,8.057145081E0,1.530959587E1
7.276561083E0,9.962981873E0,7.651189270E0,8.180638275E0,1.499081544E1
7.286608083E0,1.122919876E1,6.931336212E0,6.574029236E0,1.474300468E1
7.296655083E0,1.513083527E1,5.912704468E0,4.376449127E0,1.682425502E1
7.306701083E0,2.223670853E1,4.939428406E0,6.206543427E0,2.360911562E1
7.316748083E0,3.027813629E1,4.462370453E0,1.067579956E1,3.241374683E1
7.326795083E0,3.830040390E1,4.721631317E0,1.549817139E1,4.158615223E1
7.336842083E0,4.428016891E1,5.128934326E0,2.173614944E1,4.959334148E1
7.346889083E0,4.618181442E1,3.931125183E0,2.418161407E1,5.227775997E1
7.356936083E0,4.272460373E1,1.771865387E0,2.168794968E1,4.794682922E1
7.366983083E0,3.565540421E1,-3.288661194E-1,1.902573578E1,4.041527711E1
7.377030083E0,2.826587082E1,-1.480571136E0,1.770428375E1,3.338552392E1
7.387077083E0,2.272050247E1,-1.311722260E0,1.768871613E1,2.882416566E1
7.397124083E0,1.980486557E1,-2.203417969E-1,1.818702988E1,2.688957617E1
7.407170083E0,1.849493958E1,1.370849304E0,1.792761932E1,2.579421548E1
7.417217083E0,1.744232849E1,3.031346283E0,1.659074936E1,2.426266366E1
7.427264083E0,1.617686005E1,4.371359711E0,1.470781494E1,2.229617472E1
7.437311083E0,1.528351776E1,5.442681885E0,1.285826111E1,2.070129416E1
7.447358083E0,1.508847336E1,6.036646729E0,1.105047043E1,1.965237972E1
7.457405083E0,1.562016769E1,6.520440674E0,9.861343231E0,1.958958590E1
7.467452083E0,1.668340668E1,6.534810791E0,8.749156036E0,1.993959733E1
7.477499083E0,1.741508514E1,5.955665131E0,7.289990387E0,1.979644154E1
7.487546083E0,1.756612106E1,4.702321472E0,5.797144775E0,1.908631248E1
7.497593083E0,1.745595016E1,2.915936279E0,4.914729767E0,1.836756514E1
7.507639083E0,1.759755569E1,6.747967529E-1,4.769681396E0,1.824497678E1
7.517686083E0,1.776505737E1,-1.524280243E0,5.375321960E0,1.862296378E1
7.527733083E0,1.745505203E1,-3.648063812E0,5.696853333E0,1.872007876E1
7.537780083E0,1.741313919E1,-5.557493134E0,5.198988647E0,1.900348993E1
7.547827083E0,1.746597931E1,-7.092101898E0,4.116739197E0,1.929522957E1
7.557874083E0,1.676783112E1,-8.467890930E0,2.894830170E0,1.900645624E1
7.567921083E0,1.558918213E1,-9.465266876E0,2.065404968E0,1.835428490E1
7.577968083E0,1.437011719E1,-1.024304947E1,2.106120300E0,1.777234011E1
7.588015083E0,1.351958588E1,-1.118938156E1,2.639461212E0,1.774678048E1
7.598061083E0,1.244512024E1,-1.201850739E1,3.171754303E0,1.758935937E1
7.608108083E0,1.077713882E1,-1.287322998E1,3.383563843E0,1.712644959E1
7.618155083E0,8.364905090E0,-1.383662659E1,3.057242432E0,1.645510874E1
7.628202083E0,5.476511536E0,-1.456815536E1,2.130220184E0,1.570863353E1
7.638249083E0,2.246827698E0,-1.520313492E1,6.514453125E-1,1.538206511E1
7.648296083E0,-1.529669037E0,-1.498369125E1,-1.056203613E0,1.509855811E1
7.658343083E0,-5.529351654E0,-1.371253464E1,-3.105442200E0,1.510798157E1
7.668390083E0,-9.049281921E0,-1.234243378E1,-4.646637268E0,1.599426187E1
7.678437083E0,-1.206715622E1,-1.142469223E1,-4.893324280E0,1.732294647E1
7.688483083E0,-1.423659485E1,-1.163036453E1,-4.733157349E0,1.898285517E1
7.698530083E0,-1.571342377E1,-1.289044418E1,-4.162543945E0,2.074613241E1
7.708577083E0,-1.724713440E1,-1.405352554E1,-2.716700592E0,2.241306956E1
7.718624083E0,-1.732152969E1,-1.433943100E1,-8.891510010E-1,2.250433873E1
7.728671083E0,-1.427356796E1,-1.415037415E1,7.485932922E-1,2.011288698E1
7.738718083E0,-9.404193878E0,-1.389126297E1,1.650916901E0,1.685620289E1
7.748765083E0,-4.151167603E0,-1.322484879E1,1.424737244E0,1.393408390E1
7.758812083E0,1.282832336E0,-1.196057785E1,5.667214966E-1,1.204251861E1
7.768859083E0,5.901777191E0,-1.063822769E1,-8.551716614E-1,1.219566238E1
7.778905083E0,8.984466705E0,-9.486522675E0,-2.059716797E0,1.322713830E1
7.788952083E0,1.099478622E1,-8.463999023E0,-2.323168945E0,1.406846536E1
7.798999083E0,1.226953537E1,-7.986492004E0,-1.568887482E0,1.472368706E1
7.809046083E0,1.244976059E1,-7.906109161E0,-5.938151550E-1,1.475993622E1
7.819093083E0,1.230740662E1,-7.945028229E0,2.140548706E-2,1.464910200E1
7.829140083E0,1.304133041E1,-7.709418182E0,1.021326141E0,1.518402235E1
7.839187083E0,1.550909866E1,-6.942562866E0,2.719245300E0,1.720830077E1
7.849234083E0,1.848341354E1,-5.229824524E0,4.413422241E0,1.970953923E1
7.859281083E0,2.063893112E1,-2.584226074E0,6.388564911E0,2.175907773E1
7.869328083E0,2.159110107E1,5.807922363E-2,8.693022766E0,2.327547343E1
7.879374083E0,2.171698929E1,2.493814087E0,1.080842377E1,2.438583107E1
7.889421083E0,2.068338867E1,4.837191010E0,1.220427109E1,2.449786147E1
7.899468083E0,1.842578339E1,6.422993317E0,1.239437576E1,2.311676636E1
7.909515083E0,1.638043671E1,7.659871216E0,1.285392014E1,2.218593240E1
7.919562083E0,1.510898071E1,8.749006348E0,1.339743988E1,2.200722167E1
7.929609083E0,1.417492310E1,1.000309845E1,1.299148407E1,2.167415700E1
7.939656083E0,1.319116882E1,1.099613342E1,1.193513077E1,2.091337447E1
7.949703083E0,1.219289474E1,1.168275558E1,1.075678116E1,2.002153344E1
7.959750083E0,1.088491470E1,1.195219528E1,9.525142365E0,1.876338661E1
7.969796083E0,9.480984192E0,1.189261917E1,8.293952637E0,1.732377275E1
7.979843083E0,7.794441376E0,1.128682892E1,7.120842133E0,1.545484442E1
7.989890083E0,6.111790466E0,1.056532928E1,5.938151550E0,1.357357025E1
7.999937083E0,5.124743042E0,1.037642212E1,5.420378265E0,1.277942204E1
8.009984083E0,6.138584747E0,1.091410400E1,5.825885010E0,1.381089516E1
8.020031083E0,1.071965836E1,1.117201767E1,6.297554169E0,1.671479113E1
8.030078083E0,1.831905533E1,1.016012192E1,8.630602570E0,2.265619488E1
8.040125083E0,2.632530624E1,8.232580261E0,1.321092773E1,3.058309563E1
8.050172083E0,3.234473877E1,6.253395996E0,1.737167542E1,3.724328388E1
8.060218083E0,3.566932526E1,5.501060486E0,2.040586578E1,4.146036407E1
8.070265083E0,3.732877441E1,5.021457825E0,2.215273315E1,4.369663630E1
8.080312083E0,3.730063293E1,4.154909821E0,2.225901215E1,4.363558312E1
8.090359083E0,3.487402908E1,3.397484894E0,2.198942276E1,4.136756606E1
8.100406083E0,3.025209045E1,3.270997925E0,2.268502625E1,3.795390388E1
8.110453083E0,2.516761368E1,3.959566040E0,2.341730347E1,3.460429226E1
8.120500083E0,2.185904388E1,5.467679901E0,2.319965607E1,3.234095491E1
8.130547083E0,2.064491867E1,7.370672607E0,2.182386703E1,3.093251774E1
8.140594083E0,1.972972183E1,8.911119232E0,1.958407471E1,2.919256672E1
8.150641083E0,1.832189941E1,9.912387085E0,1.686677536E1,2.680364764E1
8.160687083E0,1.730835709E1,1.024843826E1,1.416010391E1,2.459915150E1
8.170734083E0,1.728770004E1,1.028122009E1,1.188558380E1,2.336311541E1
8.180781083E0,1.798060913E1,9.979148254E0,9.750423889E0,2.275865705E1
8.190830458E0,1.884131927E1,9.259893951E0,7.456743622E0,2.227877854E1
8.200877458E0,1.908695847E1,8.060138855E0,5.467829590E0,2.142836863E1
8.210924458E0,1.891496613E1,6.424639893E0,4.151167603E0,2.040304227E1
8.220971458E0,1.885284531E1,4.591102753E0,3.740870819E0,1.976112636E1
8.231018458E0,1.889505753E1,2.689008179E0,3.949536896E0,1.948981287E1
8.241065458E0,1.908920380E1,7.216493225E-1,4.606221313E0,1.965033725E1
8.251111458E0,1.950264404E1,-1.544188843E0,5.561983795E0,2.033896034E1
8.261158458E0,2.000709503E1,-3.841012573E0,5.905369720E0,2.121109664E1
8.271205458E0,2.029434769E1,-5.902825012E0,5.625751190E0,2.187128180E1
8.281252458E0,2.031650162E1,-7.758665771E0,5.463787994E0,2.242342774E1
8.291299458E0,2.015977753E1,-9.478738861E0,5.682632904E0,2.299033356E1
8.301346458E0,1.975651611E1,-1.090078171E1,6.125861206E0,2.338104246E1
8.311393458E0,1.863010849E1,-1.188693100E1,6.400839386E0,2.300762517E1
8.321440458E0,1.722887238E1,-1.262803986E1,6.290518799E0,2.226818494E1
8.331487458E0,1.591071350E1,-1.337798035E1,5.749394073E0,2.156795527E1
8.341533458E0,1.450199295E1,-1.400173325E1,5.157973938E0,2.080771560E1
8.351580458E0,1.234632568E1,-1.457264603E1,4.730762329E0,1.967673454E1
8.361627458E0,9.238638153E0,-1.514999542E1,3.940106506E0,1.817688740E1
8.371674458E0,5.102888489E0,-1.589813965E1,3.165317688E0,1.699439764E1
8.381721458E0,4.047583008E-1,-1.633163818E1,2.630928955E0,1.654714544E1
8.391768458E0,-4.628075867E0,-1.660826294E1,1.866618347E0,1.734179195E1
8.401815458E0,-1.025816803E1,-1.658775558E1,5.682183838E-1,1.951170210E1
8.411862458E0,-1.591325821E1,-1.625065659E1,-1.076261902E0,2.277002341E1
8.421909458E0,-2.111613876E1,-1.538051605E1,-2.465223541E0,2.623983455E1
8.431955458E0,-2.562176926E1,-1.459090805E1,-3.706143036E0,2.971708522E1
8.442002458E0,-2.878708694E1,-1.487501724E1,-5.187013550E0,3.281566123E1
8.452049458E0,-3.045117645E1,-1.546718582E1,-6.238576813E0,3.471927167E1
8.462096458E0,-3.028876419E1,-1.600950806E1,-5.631738739E0,3.471930393E1
8.472143458E0,-2.675461349E1,-1.643148056E1,-3.454965363E0,3.158701762E1
8.482190458E0,-2.066827011E1,-1.698173630E1,-1.249900818E0,2.677907782E1
8.492237458E0,-1.406056091E1,-1.754052429E1,4.625381470E-2,2.248046941E1
8.502284458E0,-7.494165802E0,-1.790786041E1,4.340972900E-2,1.941277595E1
8.512330458E0,-7.695497131E-1,-1.781220932E1,-7.836204529E-1,1.784603790E1
8.522377458E0,6.222709808E0,-1.647818344E1,-1.550475769E0,1.768209891E1
8.532424458E0,1.230710724E1,-1.406100998E1,-1.674418030E0,1.876114511E1
8.542471458E0,1.567495377E1,-1.168814438E1,-2.007475433E0,1.965570788E1
8.552518458E0,1.658610901E1,-1.038465500E1,-2.808160400E0,1.976931553E1
8.562565458E0,1.526480667E1,-9.558373260E0,-2.715952148E0,1.821409394E1
8.572612458E0,1.349728226E1,-8.949738922E0,-1.640139313E0,1.627773056E1
8.582659458E0,1.294313461E1,-8.759185181E0,-7.102729797E-1,1.564456923E1
8.592705458E0,1.343755646E1,-8.679401093E0,1.052311707E-1,1.599721852E1
8.602752458E0,1.480780701E1,-7.790549469E0,1.169967041E0,1.677297327E1
8.612799458E0,1.693413528E1,-6.060746613E0,2.730471954E0,1.819211545E1
8.622846458E0,1.927152466E1,-3.631598053E0,5.182073822E0,2.028383731E1
8.632893458E0,2.057830719E1,-9.666897583E-1,7.811655579E0,2.203232123E1
8.642940458E0,2.045092209E1,1.817520447E0,9.884544983E0,2.278700999E1
8.652987458E0,1.980381775E1,4.635709991E0,1.076636124E1,2.301294285E1
8.663034458E0,1.921179886E1,6.814878387E0,1.079405365E1,2.306615219E1
8.673081458E0,1.932077225E1,9.086704102E0,1.111348938E1,2.407010756E1
8.683127458E0,2.000889130E1,1.158920013E1,1.139041351E1,2.577608990E1
8.693174458E0,2.039643539E1,1.405427399E1,1.138203094E1,2.725963724E1
8.703221458E0,1.957928467E1,1.570339462E1,1.089060287E1,2.735964586E1
8.713268458E0,1.685659653E1,1.575638443E1,8.671766968E0,2.464970667E1
8.723315458E0,1.288385788E1,1.508308456E1,5.051395569E0,2.046972963E1
8.733362458E0,9.889185333E0,1.497381180E1,2.117047577E0,1.806911500E1
8.743409458E0,1.010099487E1,1.503024445E1,2.272274780E0,1.825107060E1
8.753456458E0,1.590547440E1,1.411669418E1,8.052654419E0,2.274006186E1
8.763503458E0,2.458936615E1,1.192674820E1,1.753708145E1,3.247204145E1
8.773549458E0,3.238620255E1,1.022074585E1,2.598251907E1,4.276004044E1
8.783596458E0,3.838348114E1,9.627529449E0,3.006752426E1,4.969946643E1
8.793643458E0,4.289614700E1,1.005204666E1,3.043695602E1,5.354933577E1
8.803690458E0,4.505720306E1,9.108259277E0,2.826167953E1,5.396141645E1
8.813737458E0,4.365012909E1,6.800657959E0,2.586396561E1,5.119108746E1
8.823784458E0,3.890858917E1,5.568869476E0,2.537014252E1,4.678177797E1
8.833831458E0,3.350527542E1,5.270090790E0,2.495340912E1,4.210759984E1
8.843878458E0,2.950334747E1,5.469027100E0,2.274145889E1,3.765012247E1
8.853925458E0,2.642275360E1,5.819298706E0,1.851903946E1,3.278690238E1
8.863971458E0,2.353286316E1,6.035449219E0,1.386925873E1,2.797460694E1
8.874018458E0,2.069027435E1,5.944438477E0,1.003079086E1,2.374953825E1
8.884065458E0,1.874551849E1,5.761219482E0,7.201374664E0,2.089128791E1
8.894112458E0,1.801099594E1,5.739514618E0,5.491480408E0,1.968487643E1
8.904159458E0,1.812386124E1,5.580395508E0,4.408183136E0,1.946913554E1
8.914206458E0,1.887514893E1,5.144202576E0,3.724105682E0,1.991489468E1
8.924253458E0,1.982941452E1,4.386927338E0,3.332819366E0,2.058053684E1
8.934300458E0,2.047142944E1,3.278182983E0,3.108885040E0,2.096404239E1
8.944347458E0,2.074386292E1,1.617236938E0,2.988235931E0,2.102029633E1
8.954393458E0,2.069042404E1,-3.177891541E-1,3.379522247E0,2.096701714E1
8.964440458E0,2.070150101E1,-2.502645721E0,4.459676056E0,2.132379164E1
8.974487458E0,2.100027969E1,-4.788691864E0,5.263205109E0,2.217306125E1
8.984534458E0,2.124097916E1,-6.888076172E0,5.431455231E0,2.298098115E1
8.994581458E0,2.095761841E1,-9.131461029E0,5.105433197E0,2.342372297E1
9.004628458E0,2.012190628E1,-1.123847946E1,4.735552368E0,2.352913065E1
9.014675458E0,1.902558609E1,-1.257220596E1,4.603377228E0,2.326422943E1
9.024722458E0,1.734218674E1,-1.314401688E1,4.515360260E0,2.222397576E1
9.034769458E0,1.571417221E1,-1.317739746E1,4.209546204E0,2.093559866E1
9.044815458E0,1.454734863E1,-1.302740936E1,3.841311951E0,1.990212110E1
9.054862458E0,1.296064819E1,-1.299193314E1,3.319347382E0,1.864904274E1
9.064909458E0,1.069016968E1,-1.303549255E1,2.499801636E0,1.704267591E1
9.074956458E0,7.477550354E0,-1.316018326E1,1.706451416E0,1.523207665E1
9.085003458E0,3.626658325E0,-1.325209213E1,1.190773773E0,1.379088607E1
9.095050458E0,-6.140231323E-1,-1.374366989E1,1.010099487E0,1.379441146E1
9.105097458E0,-5.348377991E0,-1.406804535E1,1.124461670E0,1.509236433E1
9.115144458E0,-1.007794281E1,-1.366044296E1,1.406774597E0,1.703383832E1
9.125190458E0,-1.402463562E1,-1.319371353E1,1.178199921E0,1.929125802E1
9.135237458E0,-1.662008835E1,-1.283984940E1,-1.377136230E-2,2.100212510E1
9.145284458E0,-1.825992828E1,-1.214095276E1,-1.685494995E0,2.199246708E1
9.155331458E0,-1.957973373E1,-1.111977631E1,-2.565814362E0,2.266271832E1
9.165378458E0,-1.975367203E1,-1.086650299E1,-2.759361877E0,2.271348771E1
9.175425458E0,-1.878563507E1,-1.118234619E1,-2.334545288E0,2.198624691E1
9.185472458E0,-1.757300674E1,-1.150926636E1,-1.247206421E0,2.104350974E1
9.195516625E0,-1.611922989E1,-1.196985855E1,3.529660034E-1,2.008062925E1
9.205562625E0,-1.376043503E1,-1.242431351E1,2.090852051E0,1.865703086E1
9.215609625E0,-1.039034317E1,-1.277233978E1,3.448678436E0,1.682216626E1
9.225656625E0,-6.406078491E0,-1.284104691E1,3.954177246E0,1.488508801E1
9.235703625E0,-2.325713654E0,-1.265588196E1,3.322640533E0,1.328985449E1
9.245750625E0,1.481618958E0,-1.219918167E1,1.931882629E0,1.243975075E1
9.255797625E0,4.588558044E0,-1.122515717E1,3.817062378E-1,1.213279514E1
9.265844625E0,6.508764954E0,-1.003677841E1,-1.049168243E0,1.200840106E1
9.275891625E0,7.334897003E0,-8.907077637E0,-1.833537140E0,1.168326172E1
9.285938625E0,7.367080078E0,-8.094267883E0,-1.576820984E0,1.105791146E1
9.295984625E0,7.224726105E0,-7.564070435E0,-3.902384949E-1,1.046728785E1
9.306031625E0,7.322323151E0,-7.198829956E0,1.367556152E0,1.035904334E1
9.316078625E0,7.813302155E0,-6.660399628E0,3.072211304E0,1.071667374E1
9.326125625E0,8.884175262E0,-5.570216675E0,4.318070526E0,1.134026530E1
9.336172625E0,1.049093399E1,-3.958069153E0,5.281018066E0,1.239415827E1
9.346219625E0,1.210727280E1,-2.120191040E0,6.346352692E0,1.383320126E1
9.356266625E0,1.304357574E1,-3.285667419E-1,7.910001068E0,1.525814344E1
9.366313625E0,1.312874863E1,1.150357819E0,9.728719025E0,1.638094434E1
9.376359625E0,1.290870621E1,2.248324585E0,1.152049301E1,1.744739002E1
9.386406625E0,1.292202850E1,3.100801849E0,1.356254654E1,1.898779770E1
9.396453625E0,1.318218750E1,3.849544830E0,1.560983917E1,2.079077059E1
9.406500625E0,1.339145233E1,4.832700348E0,1.709969101E1,2.225051507E1
9.416547625E0,1.356314529E1,5.600453796E0,1.755669067E1,2.288146369E1
9.426594625E0,1.364382751E1,5.927823029E0,1.641306885E1,2.215134181E1
9.436641625E0,1.336720276E1,6.627019043E0,1.441547287E1,2.074621288E1
9.446688625E0,1.321886124E1,7.228019257E0,1.249616409E1,1.957387728E1
9.456734625E0,1.315224976E1,7.794441376E0,1.214304840E1,1.952405220E1
9.466781625E0,1.524175461E1,7.990383911E0,1.535671555E1,2.306482237E1
9.476828625E0,2.109922394E1,6.271807709E0,2.110700775E1,3.049620630E1
9.486875625E0,2.682706284E1,5.238207092E0,2.587459351E1,3.763807518E1
9.496922625E0,3.149315964E1,5.392236786E0,2.809118408E1,4.254421165E1
9.506969625E0,3.562531677E1,6.370751953E0,2.753898239E1,4.547686474E1
9.517016625E0,3.867327850E1,7.254663849E0,2.656301193E1,4.747469032E1
9.527063625E0,3.959850449E1,6.972799988E0,2.567251373E1,4.770471107E1
9.537110625E0,3.734808426E1,6.618636475E0,2.411949326E1,4.494925696E1
9.547156625E0,3.324661331E1,7.150929565E0,2.279325119E1,4.093904481E1
9.557203625E0,2.950125183E1,7.647447052E0,2.172207870E1,3.742533913E1
9.567250625E0,2.664653824E1,7.904462585E0,1.934636902E1,3.386444334E1
9.577297625E0,2.435570206E1,8.350235596E0,1.584170700E1,3.023055305E1
9.587344625E0,2.221365646E1,8.539142761E0,1.206595871E1,2.668240717E1
9.597391625E0,2.018851776E1,8.255632324E0,8.327931976E0,2.334708045E1
9.607438625E0,1.831920502E1,7.957602081E0,5.277724915E0,2.065843856E1
9.617485625E0,1.705014404E1,7.792645111E0,3.032094727E0,1.899016398E1
9.627531625E0,1.644869476E1,7.483537903E0,1.864971771E0,1.816703109E1
9.637578625E0,1.638163422E1,6.825057220E0,1.834884338E0,1.784113635E1
9.647625625E0,1.627580429E1,5.796695709E0,2.336042175E0,1.743446528E1
9.657672625E0,1.607028168E1,4.455335083E0,2.704725494E0,1.689436308E1
9.667719625E0,1.644959290E1,3.212469635E0,3.007246399E0,1.702799455E1
9.677766625E0,1.705538315E1,1.714085541E0,3.379971313E0,1.747135912E1
9.687813625E0,1.720342529E1,-3.475772095E-1,3.394341431E0,1.753853487E1
9.697860625E0,1.708606934E1,-2.456840973E0,3.199446716E0,1.755580509E1
9.707906625E0,1.685539902E1,-4.542753296E0,3.485801239E0,1.780145763E1
9.717953625E0,1.601130432E1,-6.949149170E0,4.288132782E0,1.797333088E1
9.728000625E0,1.499701355E1,-8.734187164E0,5.211412811E0,1.812057572E1
9.738047625E0,1.438254135E1,-9.906998291E0,6.092031555E0,1.849645802E1
9.748094625E0,1.432775528E1,-1.078327606E1,7.697293396E0,1.951440339E1
9.758141625E0,1.454495361E1,-1.157827286E1,9.068142700E0,2.068437309E1
9.768188625E0,1.407029068E1,-1.246443008E1,9.218579865E0,2.093602904E1
9.778235625E0,1.250888763E1,-1.280467255E1,8.313412170E0,1.973688757E1
9.788281625E0,1.040576111E1,-1.317036209E1,7.191495209E0,1.826077504E1
9.798328625E0,6.889872437E0,-1.386551651E1,6.117179260E0,1.664760561E1
9.808375625E0,5.722599792E-1,-1.381611923E1,4.420906677E0,1.451747388E1
9.818422625E0,-7.150779877E0,-1.433613785E1,1.575922852E0,1.609788912E1
9.828469625E0,-1.452534439E1,-1.466051331E1,-9.496252441E-1,2.065957570E1
9.838516625E0,-2.023327469E1,-1.444391373E1,-3.102448425E0,2.505268917E1
9.848563625E0,-2.437830505E1,-1.419483170E1,-3.790866852E0,2.846340942E1
9.858610625E0,-2.677542023E1,-1.484403168E1,-3.647315369E0,3.083133656E1
9.868656625E0,-2.821482697E1,-1.594618973E1,-2.458637238E0,3.250234337E1
9.878703625E0,-2.729798355E1,-1.703263046E1,-2.829116821E-2,3.217594143E1
9.888750625E0,-2.314621719E1,-1.840183319E1,2.930156708E0,2.971465385E1
9.898797625E0,-1.652054535E1,-1.943962509E1,5.706882477E0,2.614184289E1
9.908844625E0,-8.717571716E0,-1.966311035E1,7.423213348E0,2.275385817E1
9.918891625E0,-1.147064667E0,-1.910013107E1,7.594606934E0,2.058661747E1
9.928938625E0,6.154601440E0,-1.741463608E1,6.559509430E0,1.960040389E1
9.938985625E0,1.247206421E1,-1.486034775E1,4.976102142E0,2.002857742E1
9.949031625E0,1.586251373E1,-1.242266693E1,3.325484619E0,2.042059851E1
9.959078625E0,1.701137466E1,-1.019769379E1,2.147434387E0,1.994971932E1
9.969125625E0,1.713995728E1,-8.233777771E0,1.551074524E0,1.907823535E1
9.979172625E0,1.695000229E1,-6.822213135E0,1.757345581E0,1.835574660E1
9.989219625E0,1.683234695E1,-5.828280029E0,2.568359070E0,1.799703366E1
9.999266625E0,1.667337753E1,-4.970563660E0,4.298910370E0,1.792173685E1
1.000931362E1,1.691213104E1,-3.541186066E0,6.936725006E0,1.861929991E1
1.001936062E1,1.750639526E1,-1.213526459E0,9.182654572E0,1.980574832E1
1.002940662E1,1.821996140E1,1.461410980E0,1.052596115E1,2.109261893E1
1.003945362E1,1.917063446E1,4.449946289E0,1.132185608E1,2.270461787E1
1.004950062E1,2.035796539E1,7.556286621E0,1.185774170E1,2.474167053E1
1.005954762E1,2.179153427E1,1.069810318E1,1.196237411E1,2.706323654E1
1.006959462E1,2.203552689E1,1.344489120E1,1.186941742E1,2.841148737E1
1.007964162E1,2.023731628E1,1.477786926E1,1.236398895E1,2.794284547E1
1.008968862E1,1.691602295E1,1.453881638E1,1.257310410E1,2.560492063E1
1.009973563E1,1.307710602E1,1.374816055E1,1.131317413E1,2.209096035E1
1.010978162E1,9.483229523E0,1.311363007E1,9.740843811E0,1.888869963E1
1.011982863E1,7.011120300E0,1.234737350E1,8.698710938E0,1.665175703E1
1.012987562E1,5.501659241E0,1.177720917E1,8.349337463E0,1.544934776E1
1.013992262E1,4.344266052E0,1.185070633E1,9.617949371E0,1.586873776E1
1.014996962E1,3.138673096E0,1.173140442E1,1.216475327E1,1.718890167E1
1.016001662E1,3.031795349E0,1.149534531E1,1.550011734E1,1.953428740E1
1.017006362E1,7.339387665E0,9.891280975E0,1.933454361E1,2.292441116E1
1.018011062E1,1.587957825E1,8.472082214E0,2.256018585E1,2.885999252E1
1.019015650E1,2.759257095E1,9.139394531E0,2.639551025E1,3.926323300E1
1.020020350E1,3.781735840E1,9.532327423E0,2.948688171E1,4.889267896E1
1.021025050E1,4.192945724E1,9.439520416E0,2.997112473E1,5.239706335E1
1.022029750E1,4.019336746E1,8.412057037E0,2.705458969E1,4.917540356E1
1.023034450E1,3.622511948E1,6.039490814E0,2.064641556E1,4.213085812E1
1.024039150E1,3.133149582E1,4.582869873E0,1.360221405E1,3.446281407E1
1.025043850E1,2.603820328E1,4.790039062E0,8.097710724E0,2.768583434E1
1.026048550E1,2.111074997E1,5.454357605E0,5.048551483E0,2.238083227E1
1.027053150E1,1.779559387E1,5.801635437E0,4.503534851E0,1.925159633E1
1.028057850E1,1.625350067E1,5.671555939E0,5.685926056E0,1.812932944E1
1.029062550E1,1.494102997E1,5.264552307E0,6.891968079E0,1.727567977E1
1.030067250E1,1.312545547E1,4.795577545E0,7.017257538E0,1.563704092E1
1.031071950E1,1.141825562E1,4.326303406E0,6.610104218E0,1.388477368E1
1.032076650E1,1.043045975E1,3.990102539E0,6.174060974E0,1.276065977E1
1.033081350E1,1.012449600E1,3.834875336E0,5.757926331E0,1.226235719E1
1.034086050E1,1.048659302E1,3.971690826E0,5.489833832E0,1.248524075E1
1.035090650E1,1.174562485E1,4.196523285E0,5.093308411E0,1.347265012E1
1.036095350E1,1.340267899E1,4.485721893E0,5.072351990E0,1.501606672E1
1.037100050E1,1.498997818E1,3.952380981E0,5.195994873E0,1.634989676E1
1.038104750E1,1.622071884E1,2.816542969E0,4.776267700E0,1.714226844E1
1.039109450E1,1.675301193E1,1.344504089E0,4.166136475E0,1.731553618E1
1.040114150E1,1.645902328E1,-2.396516418E-1,3.375780029E0,1.680335595E1
1.041118850E1,1.617266876E1,-1.689386902E0,2.626587982E0,1.647143611E1
1.042123550E1,1.638432861E1,-2.669698334E0,2.887794800E0,1.684971430E1
1.043128150E1,1.679013474E1,-3.750899963E0,3.595972137E0,1.757580412E1
1.044132850E1,1.697021027E1,-5.009632416E0,4.056115265E0,1.815314090E1
1.045137550E1,1.647923126E1,-6.113437042E0,4.216731262E0,1.807539759E1
1.046142250E1,1.527513519E1,-7.119794312E0,3.911216583E0,1.730083355E1
1.047146950E1,1.382405273E1,-8.053851929E0,3.181933136E0,1.631237761E1
1.048151650E1,1.264929565E1,-8.833281097E0,2.420167236E0,1.561693776E1
1.049156350E1,1.131167725E1,-9.807305603E0,1.517843628E0,1.504796114E1
1.050160950E1,9.066496124E0,-1.119177658E1,1.832189941E-1,1.440454040E1
1.051165650E1,5.267097015E0,-1.240141113E1,-1.081650696E0,1.351692559E1
1.052170350E1,-2.715353394E-1,-1.278985336E1,-1.612746277E0,1.289399205E1
1.053175050E1,-6.990912323E0,-1.241518250E1,-1.707349548E0,1.435007505E1
1.054179750E1,-1.310000839E1,-1.173364975E1,-2.271825714E0,1.773273663E1
1.055184450E1,-1.747960098E1,-1.094269455E1,-3.448977814E0,2.090871738E1
1.056189150E1,-2.059477295E1,-1.018257523E1,-4.326902161E0,2.337844292E1
1.057193850E1,-2.266212387E1,-9.706116028E0,-4.351151733E0,2.503423792E1
1.058198450E1,-2.148392395E1,-9.074579315E0,-3.663182373E0,2.360775049E1
1.059203150E1,-1.823043961E1,-9.050479431E0,-2.842888184E0,2.055096395E1
1.060207850E1,-1.403795792E1,-8.826395416E0,-1.629960480E0,1.666212140E1
1.061212550E1,-8.763376465E0,-8.225993958E0,-1.954934692E-1,1.202089686E1
1.062217250E1,-3.753594360E0,-7.783813477E0,8.584648132E-1,8.684134079E0
1.063221950E1,-3.746708679E-1,-7.764653320E0,1.182391205E0,7.863095345E0
1.064226650E1,1.345402222E0,-8.173303528E0,1.123713226E0,8.359170360E0
1.065231350E1,2.369273071E0,-8.526269531E0,1.223405914E0,8.933501499E0
1.066235950E1,3.419189758E0,-8.627010040E0,1.864373016E0,9.465307580E0
1.067240650E1,4.215833130E0,-8.657845917E0,2.496658173E0,9.948107706E0
1.068245350E1,4.626578979E0,-8.650211792E0,2.928510132E0,1.023755677E1
1.069250050E1,5.471422119E0,-8.469836884E0,3.475921783E0,1.066567528E1
1.070254750E1,6.746470642E0,-7.863298187E0,3.420986023E0,1.091097933E1
1.071259450E1,7.661218414E0,-7.279811554E0,3.304977264E0,1.107306636E1
1.072264150E1,8.911568298E0,-6.420747986E0,4.121678925E0,1.173159373E1
1.073268750E1,1.066547104E1,-5.179080048E0,5.718558197E0,1.316347410E1
1.074273450E1,1.167961212E1,-3.954626312E0,7.681576080E0,1.452787044E1
1.075278150E1,1.201281921E1,-2.587369537E0,9.533225555E0,1.555264274E1
1.076282850E1,1.184426971E1,-1.162033539E0,1.108804230E1,1.626596843E1
1.077287550E1,1.164039368E1,3.677851868E-1,1.218241653E1,1.685364363E1
1.078292250E1,1.197479828E1,1.929487610E0,1.259301270E1,1.748435544E1
1.079296950E1,1.279479309E1,3.638932800E0,1.305225769E1,1.863625480E1
1.080301650E1,1.357212662E1,5.260510712E0,1.364756973E1,1.995323917E1
1.081306250E1,1.380264725E1,6.724616089E0,1.423030792E1,2.093406784E1
1.082310950E1,1.330493225E1,7.564818878E0,1.447834213E1,2.106822484E1
1.083315650E1,1.220995926E1,7.798333282E0,1.405232803E1,2.018328591E1
1.084320350E1,1.074884766E1,7.631879425E0,1.270183640E1,1.830628191E1
1.085325050E1,9.319769440E0,7.450456696E0,1.105990082E1,1.626925977E1
1.086329750E1,8.902137909E0,7.491471405E0,9.169781342E0,1.481401678E1
1.087334450E1,9.007219391E0,8.092321930E0,6.793772278E0,1.388420027E1
1.088339050E1,1.011536499E1,9.069639587E0,4.292922821E0,1.424809312E1
1.089343750E1,1.404319702E1,9.208999786E0,2.954705658E0,1.705131506E1
1.090348450E1,2.150083878E1,8.631949768E0,7.539820862E0,2.436484195E1
1.091353150E1,3.060191299E1,6.703809357E0,1.616892654E1,3.525411074E1
1.092357850E1,3.736649597E1,5.273683319E0,2.442351105E1,4.495080254E1
1.093362550E1,4.193783981E1,5.461842041E0,3.028741699E1,5.201866737E1
1.094367250E1,4.461906418E1,5.807323608E0,3.168730591E1,5.503336489E1
1.095371950E1,4.359758835E1,4.799918518E0,2.876149017E1,5.245009289E1
1.096376550E1,3.904585373E1,3.420237579E0,2.500265671E1,4.649096214E1
1.097381250E1,3.213712051E1,2.635269928E0,2.226125748E1,3.918293949E1
1.098385950E1,2.571038498E1,2.617756348E0,2.082589233E1,3.319027471E1
1.099390650E1,2.159125076E1,3.231180725E0,1.927287186E1,2.912157667E1
1.100395350E1,1.898232605E1,4.191284180E0,1.672217606E1,2.564228417E1
1.101400050E1,1.661769333E1,5.306764526E0,1.387165375E1,2.228749109E1
1.102404750E1,1.439990524E1,6.196214905E0,1.125659180E1,1.929925411E1
1.103409350E1,1.289703049E1,6.675368500E0,9.303603058E0,1.724676694E1
1.104414050E1,1.209829147E1,6.851252747E0,8.216114502E0,1.614970149E1
1.105418750E1,1.232237549E1,6.802753601E0,7.985593872E0,1.618295720E1
1.106423450E1,1.325987595E1,6.453380127E0,7.989336090E0,1.677199798E1
1.107428150E1,1.426578415E1,5.797444153E0,7.958500214E0,1.733380171E1
1.108432850E1,1.529025375E1,4.634512482E0,8.182733917E0,1.795070194E1
1.109437550E1,1.619961273E1,3.021466827E0,8.789422302E0,1.867647341E1
1.110442250E1,1.687291260E1,7.840695190E-1,9.198671265E0,1.923344737E1
1.111446850E1,1.745789612E1,-1.833387451E0,9.278455353E0,1.985520537E1
1.112451550E1,1.792327835E1,-4.497696991E0,9.173074493E0,2.063052304E1
1.113456250E1,1.782762726E1,-7.365433502E0,8.598120117E0,2.111874934E1
1.114460950E1,1.761312332E1,-1.001507355E1,7.624394989E0,2.164844591E1
1.115465650E1,1.742720993E1,-1.178678925E1,6.622229004E0,2.205651749E1
1.116470350E1,1.718995331E1,-1.287517593E1,6.049519958E0,2.231280668E1
1.117475050E1,1.714160385E1,-1.383812347E1,6.097420349E0,2.285840718E1
1.118479650E1,1.682770660E1,-1.478984436E1,6.213279419E0,2.324900099E1
1.119484287E1,1.569950272E1,-1.545625854E1,6.183341675E0,2.288239559E1
1.120488987E1,1.366553238E1,-1.598286346E1,5.513185272E0,2.173922518E1
1.121493687E1,1.092802505E1,-1.648521881E1,4.562063141E0,2.029769915E1
1.122498387E1,7.934849396E0,-1.678654221E1,3.395838318E0,1.887542190E1
1.123503087E1,4.582420807E0,-1.681977310E1,2.030677185E0,1.755069792E1
1.124507787E1,3.344046021E-1,-1.632355499E1,5.776487732E-1,1.633719536E1
1.125512487E1,-5.099745026E0,-1.522079819E1,-1.098116455E0,1.608993339E1
1.126517087E1,-1.135583542E1,-1.403122192E1,-3.207529907E0,1.833353307E1
1.127521787E1,-1.718695953E1,-1.305135956E1,-5.575006714E0,2.228924100E1
1.128526487E1,-2.194257019E1,-1.195204559E1,-7.242688751E0,2.601507872E1
1.129531188E1,-2.494293091E1,-1.089404572E1,-8.086184692E0,2.839395036E1
1.130535887E1,-2.620241180E1,-1.067160828E1,-8.761879578E0,2.961790238E1
1.131540587E1,-2.549154007E1,-1.128637985E1,-8.708889771E0,2.920694688E1
1.132545287E1,-2.251303391E1,-1.231983078E1,-7.319329376E0,2.668684149E1
1.133549887E1,-1.735550903E1,-1.319940170E1,-4.935237122E0,2.235608339E1
1.134554587E1,-1.094164673E1,-1.412896866E1,-2.442770233E0,1.803647734E1
1.135559287E1,-3.829785919E0,-1.478460526E1,-7.125183105E-1,1.528919537E1
1.136563987E1,3.481909332E0,-1.441307785E1,9.460327148E-2,1.482799567E1
1.137568687E1,9.803264008E0,-1.324849960E1,1.922003174E-1,1.648222278E1
1.138573387E1,1.403511383E1,-1.187360870E1,2.559677124E-2,1.838389673E1
1.139578087E1,1.597283432E1,-1.083387085E1,2.802172852E-1,1.930240181E1
1.140582687E1,1.621368347E1,-1.003543121E1,1.160386963E0,1.910340046E1
1.141587387E1,1.569830521E1,-9.586664429E0,2.667153625E0,1.858640981E1
1.142592087E1,1.559501999E1,-9.305399323E0,5.334157562E0,1.892744943E1
1.143596787E1,1.584245544E1,-8.691076813E0,7.735464020E0,1.965593077E1
1.144601487E1,1.630858612E1,-6.907984772E0,9.172775116E0,1.994567718E1
1.145606187E1,1.651231247E1,-4.670587463E0,9.852810974E0,1.978759042E1
1.146610887E1,1.688862991E1,-2.446961517E0,9.454788666E0,1.950913811E1
1.147615487E1,1.790322006E1,4.670288086E-2,8.560847626E0,1.984478727E1
1.148620187E1,1.887425079E1,2.678679657E0,8.010442200E0,2.067800406E1
1.149624887E1,1.904444687E1,5.165608063E0,8.039182434E0,2.130734421E1
1.150629587E1,1.816577408E1,7.029532013E0,8.479866028E0,2.124424148E1
1.151634287E1,1.660332321E1,8.466843109E0,9.096284180E0,2.073885628E1
1.152638987E1,1.487711288E1,9.247320099E0,9.820478210E0,2.008191249E1
1.153643688E1,1.310704376E1,9.414672089E0,1.074794952E1,1.938940602E1
1.154648287E1,1.144834305E1,9.591005402E0,1.178663956E1,1.902568830E1
1.155652988E1,1.007180557E1,9.645342407E0,1.285242325E1,1.896466928E1
1.156657687E1,9.188642120E0,9.527687073E0,1.372585693E1,1.906848483E1
1.157662387E1,8.883875885E0,9.164841614E0,1.424901901E1,1.912987494E1
1.158667087E1,9.178612976E0,8.553512878E0,1.411250290E1,1.888312095E1
1.159671787E1,9.726324005E0,7.966284027E0,1.344279556E1,1.840575487E1
1.160676487E1,1.097787140E1,8.057893524E0,1.290556274E1,1.876157931E1
1.161681087E1,1.560400131E1,7.355404358E0,1.214259933E1,2.109572347E1
1.162685788E1,2.352507935E1,5.652844849E0,1.290032364E1,2.741901463E1
1.163690487E1,3.163805832E1,4.037404175E0,1.567181030E1,3.553692453E1
1.164695187E1,3.840234192E1,2.409090271E0,1.802895859E1,4.249219844E1
1.165699887E1,4.320600266E1,7.842192078E-1,1.927721283E1,4.731790992E1
1.166704587E1,4.512755676E1,-1.036594391E0,1.971565109E1,4.925726145E1
1.167709287E1,4.327680542E1,-3.361858978E0,1.936567886E1,4.753118451E1
1.168713987E1,3.873090866E1,-5.573210449E0,1.829809891E1,4.319680988E1
1.169718587E1,3.246493881E1,-6.643035736E0,1.762988846E1,3.753551842E1
1.170723287E1,2.606619507E1,-6.338718567E0,1.716136276E1,3.184553737E1
1.171727987E1,2.132435577E1,-5.259313202E0,1.684462143E1,2.767904976E1
1.172732687E1,1.828268097E1,-3.628454590E0,1.596819397E1,2.454394681E1
1.173737387E1,1.606908417E1,-1.638193359E0,1.405891434E1,2.141383235E1
1.174742087E1,1.451082458E1,1.938468933E-1,1.174263107E1,1.866791342E1
1.175746787E1,1.335792206E1,1.315015411E0,9.820478210E0,1.663145031E1
1.176751387E1,1.262594421E1,2.055226135E0,8.293952637E0,1.524559189E1
1.177756087E1,1.235410950E1,2.790796509E0,7.009623413E0,1.447575169E1
1.178760787E1,1.309566742E1,3.422183533E0,5.800737305E0,1.472604491E1
1.179765488E1,1.447160614E1,3.782933350E0,4.830754395E0,1.571859272E1
1.180770187E1,1.579844696E1,3.827690277E0,4.259991302E0,1.680445373E1
1.181774887E1,1.677531555E1,2.959346008E0,4.245621185E0,1.755546183E1
1.182779587E1,1.713052689E1,1.119971008E0,4.497247925E0,1.774639471E1
1.183784187E1,1.717184097E1,-1.241368561E0,4.288581848E0,1.774274648E1
1.184788887E1,1.702110443E1,-3.851790161E0,3.986510010E0,1.790102080E1
1.185793587E1,1.662113617E1,-6.588099976E0,3.191812592E0,1.816185278E1
1.186798287E1,1.600846024E1,-9.113199005E0,1.438209229E0,1.847673242E1
1.187802987E1,1.545161819E1,-1.101409607E1,-3.849993896E-1,1.897922658E1
1.188807687E1,1.463057556E1,-1.229153961E1,-1.901196442E0,1.920287049E1
1.189812387E1,1.346614700E1,-1.315778824E1,-3.035687256E0,1.907039338E1
1.190816987E1,1.210173431E1,-1.369053040E1,-3.528013458E0,1.860992947E1
1.191821687E1,1.052401520E1,-1.390114243E1,-3.316503296E0,1.774812246E1
1.192826387E1,8.632099457E0,-1.387180344E1,-2.618355103E0,1.654677778E1
1.193831087E1,6.498586121E0,-1.367720810E1,-1.732197876E0,1.524133040E1
1.194835787E1,4.388274536E0,-1.324041641E1,-8.056246948E-1,1.397192225E1
1.195840487E1,2.248025208E0,-1.264809814E1,-4.373904419E-1,1.285376655E1
1.196845188E1,-2.493814087E-1,-1.190489365E1,-7.102729797E-1,1.192867015E1
1.197849787E1,-3.189567261E0,-1.079749649E1,-1.230890350E0,1.132582716E1
1.198854487E1,-6.480174408E0,-9.729766846E0,-2.462529144E0,1.194675994E1
1.199859187E1,-9.676926727E0,-8.804091797E0,-4.649631042E0,1.388430812E1
1.200863887E1,-1.215427505E1,-8.318651276E0,-7.016658783E0,1.631440657E1
1.201868587E1,-1.411699356E1,-8.073161774E0,-8.341703339E0,1.827702007E1
1.202873287E1,-1.548320251E1,-7.788304138E0,-9.157806244E0,1.960236355E1
1.203877988E1,-1.547990936E1,-8.030799866E0,-9.660910034E0,1.993626151E1
1.204882587E1,-1.336136490E1,-8.892857208E0,-9.017398224E0,1.840984660E1
1.205887288E1,-9.474248199E0,-9.892179108E0,-7.230264587E0,1.548848968E1
1.206891987E1,-4.902455292E0,-1.063927551E1,-5.123395844E0,1.278582951E1
1.207896687E1,4.135899353E-1,-1.110256210E1,-2.615810394E0,1.141404424E1
1.208901387E1,5.421126709E0,-1.122231308E1,-9.729766846E-3,1.246310637E1
1.209906087E1,8.951984253E0,-1.137544464E1,1.995051270E0,1.461228909E1
1.210910687E1,1.084554657E1,-1.141316620E1,3.518732758E0,1.613281511E1
1.211915387E1,1.181373322E1,-1.145747406E1,5.090913391E0,1.722659001E1
1.212920087E1,1.255708740E1,-1.131796417E1,6.444398804E0,1.809162881E1
1.213924787E1,1.399993698E1,-1.041728714E1,8.141719208E0,1.925631581E1
1.214929487E1,1.624960876E1,-8.754544830E0,1.037522461E1,2.117397284E1
1.215934187E1,1.833611984E1,-6.266269226E0,1.264779877E1,2.313971120E1
1.216938887E1,2.034958282E1,-3.178190918E0,1.460557755E1,2.524934284E1
1.217943487E1,2.112946106E1,-2.323168945E-1,1.547796341E1,2.619304196E1
1.218948187E1,2.030662216E1,2.368674316E0,1.593705872E1,2.592217896E1
1.219952825E1,1.828298035E1,4.165388031E0,1.572090820E1,2.446967067E1
1.220957525E1,1.574066711E1,5.096601562E0,1.470631805E1,2.213638948E1
1.221962225E1,1.352437592E1,5.815556488E0,1.356015152E1,2.001517300E1
1.222966925E1,1.190204956E1,6.503376160E0,1.280437317E1,1.865220248E1
1.223971625E1,1.099598373E1,7.069498901E0,1.230456253E1,1.795248540E1
1.224976325E1,1.015593063E1,7.499554596E0,1.164623154E1,1.717617406E1
1.225980925E1,9.384734344E0,7.864346008E0,1.096784225E1,1.643820977E1
1.226985625E1,8.805888062E0,7.923023987E0,1.073582474E1,1.598674158E1
1.227990325E1,8.246351624E0,7.733817444E0,1.081875229E1,1.564799183E1
1.228995025E1,7.593409424E0,7.229815521E0,1.059466827E1,1.490560616E1
1.229999725E1,7.459737396E0,6.672225037E0,1.019080811E1,1.428351633E1
1.231004425E1,8.297395477E0,6.094875641E0,9.670639801E0,1.412499752E1
1.232009125E1,9.917326813E0,5.556445312E0,8.782835999E0,1.436543295E1
1.233013725E1,1.294223648E1,4.993316345E0,7.699239349E0,1.586546500E1
1.234018425E1,1.838851089E1,3.899391174E0,5.873186646E0,1.969357524E1
1.235023125E1,2.588926300E1,2.838247833E0,5.734874268E0,2.666830276E1
1.236027825E1,3.282389236E1,2.137255554E0,9.263187103E0,3.417283141E1
1.237032525E1,3.929777985E1,2.775228882E-1,1.322574692E1,4.146459817E1
1.238037225E1,4.399830505E1,-1.823358307E0,1.815155365E1,4.763039348E1
1.239041925E1,4.473716858E1,-3.162174225E0,2.232008514E1,5.009590601E1
1.240046525E1,4.104719193E1,-4.813390503E0,2.205004669E1,4.684277161E1
1.241051225E1,3.501773026E1,-6.192322998E0,1.953303085E1,4.057247331E1
1.242055925E1,2.882585632E1,-6.421346741E0,1.748573822E1,3.432076234E1
1.243060625E1,2.339559860E1,-5.572012939E0,1.617790787E1,2.898492824E1
1.244065325E1,1.933678894E1,-4.158352661E0,1.517604126E1,2.493021323E1
1.245070025E1,1.620320526E1,-2.725831604E0,1.388377853E1,2.151123718E1
1.246074725E1,1.353051315E1,-1.491648102E0,1.212149323E1,1.822718844E1
1.247079325E1,1.180714691E1,2.514770508E-2,1.046354095E1,1.577640770E1
1.248084025E1,1.116318604E1,1.435963898E0,8.846603394E0,1.431576426E1
1.249088725E1,1.103774689E1,2.444416809E0,7.447163544E0,1.353762441E1
1.250093425E1,1.118084930E1,3.290158081E0,6.376739502E0,1.328530534E1
1.251098125E1,1.159069702E1,3.767515411E0,5.861810303E0,1.352402491E1
1.252102825E1,1.223091568E1,3.852388916E0,5.679339752E0,1.402466038E1
1.253107525E1,1.304567139E1,3.567531281E0,5.272336121E0,1.451600322E1
1.254112125E1,1.370265518E1,2.837649078E0,5.108426971E0,1.489667874E1
1.255116825E1,1.420426208E1,1.395697632E0,5.632487183E0,1.534385692E1
1.256121525E1,1.497411118E1,-5.391787720E-1,6.303392029E0,1.625569040E1
1.257126225E1,1.569785614E1,-2.611768799E0,6.635102234E0,1.724147921E1
1.258130925E1,1.529534317E1,-5.064119110E0,6.529421997E0,1.738465348E1
1.259135625E1,1.412253204E1,-7.609426117E0,5.887257385E0,1.708827307E1
1.260140325E1,1.275482620E1,-9.837692413E0,4.622687073E0,1.675813293E1
1.261144925E1,1.153995255E1,-1.143726608E1,3.094065857E0,1.653949224E1
1.262149625E1,1.072654404E1,-1.225980560E1,1.786534882E0,1.638759553E1
1.263154325E1,1.035351974E1,-1.225321930E1,9.345066833E-1,1.606891586E1
1.264159025E1,9.952653351E0,-1.229213837E1,7.319778442E-1,1.583312243E1
1.265163725E1,9.207652588E0,-1.247356110E1,8.277786255E-1,1.552597211E1
1.266168425E1,7.818092194E0,-1.270228546E1,6.448590088E-1,1.492938259E1
1.267173025E1,5.668861542E0,-1.294298492E1,4.535568237E-1,1.413727568E1
1.268177725E1,2.775528259E0,-1.315524353E1,-8.532257080E-3,1.344485263E1
1.269182425E1,-8.554710388E-1,-1.298355057E1,-8.327183533E-1,1.303832182E1
1.270187125E1,-5.911357269E0,-1.250798950E1,-2.072140961E0,1.398884249E1
1.271191825E1,-1.187046524E1,-1.154594009E1,-3.730542297E0,1.697449921E1
1.272196525E1,-1.682366501E1,-1.010728180E1,-5.837261353E0,2.047599741E1
1.273201225E1,-1.977687378E1,-8.981622620E0,-8.170160065E0,2.320658951E1
1.274205825E1,-2.023986099E1,-8.672365723E0,-1.046339127E1,2.437918081E1
1.275210525E1,-2.010813492E1,-9.470206604E0,-1.176792847E1,2.514967283E1
1.276215225E1,-1.957524307E1,-1.083940933E1,-1.134775223E1,2.508893016E1
1.277219925E1,-1.684836365E1,-1.303429504E1,-8.996741180E0,2.312361470E1
1.278224625E1,-1.246637604E1,-1.556313629E1,-5.689368896E0,2.073621617E1
1.279229325E1,-7.587721252E0,-1.759022095E1,-2.670446777E0,1.934219927E1
1.280234025E1,-1.472937012E0,-1.857981308E1,-3.173400879E-1,1.864080745E1
1.281238625E1,5.511688385E0,-1.863819168E1,1.679956512E0,1.950854049E1
1.282243325E1,1.222896973E1,-1.783481232E1,3.320844269E0,2.187821377E1
1.283248025E1,1.732332596E1,-1.608959152E1,4.405189362E0,2.404949627E1
1.284252725E1,2.006098297E1,-1.419168823E1,4.802912292E0,2.503827109E1
1.285257425E1,2.073054062E1,-1.251741989E1,5.369783478E0,2.480475135E1
1.286262125E1,2.092573471E1,-1.102427490E1,5.835165710E0,2.436124318E1
1.287266825E1,2.186772583E1,-8.842262421E0,6.781048737E0,2.454313875E1
1.288271425E1,2.394540527E1,-5.722599792E0,8.355325012E0,2.599888533E1
1.289276125E1,2.530487823E1,-2.667153625E0,9.086404724E0,2.701875870E1
1.290280825E1,2.600392456E1,2.085163879E-1,8.774004364E0,2.744504917E1
1.291285525E1,2.671255096E1,3.750151520E0,8.555159454E0,2.829867079E1
1.292290225E1,2.577295486E1,6.379583588E0,8.508007507E0,2.788064707E1
1.293294925E1,2.382774994E1,7.541018372E0,8.122559052E0,2.627935674E1
1.294299625E1,2.117017639E1,7.922275543E0,8.404273224E0,2.411577547E1
1.295304225E1,1.838446930E1,8.113128662E0,9.069190521E0,2.204680895E1
1.296308925E1,1.629541351E1,8.358618164E0,9.375004578E0,2.057420011E1
1.297313625E1,1.478505432E1,8.508157196E0,9.902807007E0,1.972440511E1
1.298318325E1,1.360730347E1,8.606352997E0,9.792187042E0,1.884449380E1
1.299323025E1,1.264121246E1,8.440198517E0,8.827443237E0,1.757728528E1
1.300327725E1,1.169817352E1,8.192313995E0,7.748636627E0,1.624815811E1
1.301332325E1,1.028092072E1,7.806266785E0,6.756200409E0,1.456987906E1
1.302337025E1,8.674012299E0,7.299720154E0,6.192023621E0,1.291764530E1
1.303341725E1,7.233108673E0,6.923851776E0,6.860832825E0,1.213789980E1
1.304346425E1,6.286626892E0,6.699917450E0,8.079748077E0,1.223490501E1
1.305351125E1,6.139482880E0,6.996899872E0,9.222471771E0,1.310358132E1
1.306355825E1,7.204518127E0,8.185128937E0,9.853260040E0,1.469653533E1
1.307360525E1,9.759554901E0,9.355994110E0,8.634943542E0,1.604200074E1
1.308365125E1,1.507979141E1,8.520731049E0,6.730603638E0,1.858235701E1
1.309369825E1,2.309592178E1,5.604794769E0,7.142996063E0,2.481648082E1
1.310374525E1,3.053934311E1,1.924847260E0,1.327155167E1,3.335401922E1
1.311379225E1,3.744029251E1,-1.812730408E0,2.382146301E1,4.441310161E1
1.312383925E1,4.389352295E1,-3.991599426E0,3.461641479E1,5.604346881E1
1.313388625E1,4.676335510E1,-4.988526306E0,3.777215240E1,6.031941870E1
1.314393325E1,4.486260773E1,-5.223238220E0,3.337354935E1,5.615807676E1
1.315397925E1,3.878449722E1,-5.185366974E0,2.777683777E1,4.798622690E1
1.316402625E1,3.072705276E1,-4.750221863E0,2.413401306E1,3.935945840E1
1.317407325E1,2.328812210E1,-3.383563843E0,2.240196487E1,3.249050885E1
1.318412025E1,1.923065964E1,-1.581161957E0,2.011517029E1,2.787361510E1
1.319416796E1,1.770278687E1,2.519261169E-1,1.644195877E1,2.416174948E1
1.320421496E1,1.699670517E1,1.901346130E0,1.323098602E1,2.162318420E1
1.321426196E1,1.609662689E1,2.691552887E0,1.135388947E1,1.988106285E1
1.322430796E1,1.468296661E1,2.529889069E0,1.009306137E1,1.799610333E1
1.323435496E1,1.348605560E1,2.024539948E0,9.215586090E0,1.645902442E1
1.324440196E1,1.306468185E1,1.342109070E0,9.079668732E0,1.596645086E1
1.325444896E1,1.362077545E1,7.870632935E-1,8.658444672E0,1.615901162E1
1.326449596E1,1.456396408E1,1.631607056E-1,7.672295380E0,1.646207118E1
1.327454296E1,1.611503860E1,-4.523593140E-1,6.500831451E0,1.738274742E1
1.328458896E1,1.803689209E1,-1.049766998E0,5.626200256E0,1.892315028E1
1.329463596E1,1.951207443E1,-2.470013580E0,5.982908478E0,2.055765574E1
1.330468296E1,2.042248123E1,-4.824916534E0,7.110962677E0,2.215679014E1
1.331472996E1,2.110700775E1,-7.167694702E0,7.979007568E0,2.367585659E1
1.332477696E1,2.114907028E1,-9.434730377E0,8.030650177E0,2.451099046E1
1.333482396E1,2.100701569E1,-1.135299133E1,7.451055450E0,2.501406300E1
1.334487096E1,2.128184418E1,-1.266800674E1,6.671925659E0,2.564975396E1
1.335491696E1,2.187955124E1,-1.373109604E1,5.838309174E0,2.648289287E1
1.336496396E1,2.176683563E1,-1.517259842E1,5.185965729E0,2.703510897E1
1.337501096E1,2.021022263E1,-1.661469955E1,5.155728607E0,2.666613728E1
1.338505796E1,1.747121841E1,-1.779978516E1,4.793930969E0,2.539798414E1
1.339510496E1,1.399335068E1,-1.890942764E1,3.590283966E0,2.379643788E1
1.340515196E1,9.875114594E0,-1.949560867E1,1.979783020E0,2.194347708E1
1.341519896E1,5.129982147E0,-1.973061996E1,1.577719116E-1,2.038722573E1
1.342524496E1,-1.730401611E-1,-2.044104263E1,-1.957479401E0,2.053528408E1
1.343529196E1,-5.761069794E0,-2.151311325E1,-4.234394531E0,2.267011389E1
1.344533896E1,-1.133697464E1,-2.154035660E1,-5.089865570E0,2.486806562E1
1.345538596E1,-1.692006454E1,-1.997880386E1,-4.566703491E0,2.657622939E1
1.346543296E1,-2.202280334E1,-1.956760895E1,-4.229903870E0,2.976217858E1
1.347547996E1,-2.623908554E1,-2.015034714E1,-3.934867401E0,3.331680179E1
1.348552596E1,-2.958238312E1,-2.053085587E1,-2.661315765E0,3.610700812E1
1.349557296E1,-3.080818405E1,-2.069521408E1,-4.906796265E-1,3.711706962E1
1.350561996E1,-2.977997223E1,-2.084250778E1,7.921527100E-1,3.635772796E1
1.351566696E1,-2.814806580E1,-2.117661301E1,6.445596313E-1,3.523035628E1
1.352571396E1,-2.524455368E1,-2.196831665E1,-1.047072601E0,3.348120052E1
1.353576096E1,-2.087424179E1,-2.304038727E1,-3.727398834E0,3.131272773E1
1.354580696E1,-1.528740967E1,-2.381158356E1,-6.207890625E0,2.896954111E1
1.355585396E1,-8.615633698E0,-2.404494827E1,-7.579338684E0,2.664272990E1
1.356590096E1,-1.308279419E0,-2.389451111E1,-7.979157257E0,2.522550706E1
1.357594796E1,5.431604919E0,-2.361085098E1,-7.540269928E0,2.537381104E1
1.358599496E1,1.106349335E1,-2.300745575E1,-6.054908752E0,2.623748893E1
1.359604196E1,1.535701492E1,-2.187416245E1,-3.665577393E0,2.697690397E1
1.360608896E1,1.823567871E1,-2.073577972E1,-1.204395447E0,2.763988255E1
1.361613496E1,1.983091141E1,-1.974513977E1,8.174501038E-1,2.799649650E1
1.362618196E1,2.079700241E1,-1.881003433E1,2.413431244E0,2.814529004E1
1.363622896E1,2.188973007E1,-1.777882874E1,3.724704437E0,2.844504275E1
1.364627596E1,2.389585831E1,-1.629870667E1,5.264402618E0,2.940023500E1
1.365632296E1,2.646541489E1,-1.374157425E1,7.288194122E0,3.069799377E1
1.366636996E1,2.851555161E1,-1.032073792E1,9.418713684E0,3.175478676E1
1.367641596E1,2.944841171E1,-6.708300018E0,1.115884506E1,3.219829288E1
1.368646296E1,2.951666977E1,-2.802621918E0,1.225351868E1,3.208172695E1
1.369650996E1,2.919079742E1,1.110091553E0,1.244482086E1,3.175229950E1
1.370655696E1,2.824446533E1,4.301305389E0,1.212927704E1,3.103820890E1
1.371660396E1,2.686628128E1,6.548432465E0,1.219274506E1,3.022154975E1
1.372665096E1,2.599943390E1,8.622519379E0,1.247206421E1,3.009768744E1
1.373669796E1,2.506118500E1,1.037911652E1,1.225576401E1,2.976563126E1
1.374674396E1,2.388448196E1,1.162213165E1,1.133338211E1,2.887884992E1
1.375679096E1,2.138048904E1,1.206056992E1,9.577383728E0,2.634974265E1
1.376683796E1,1.762240402E1,1.170910080E1,6.503076782E0,2.213463740E1
1.377688496E1,1.422581726E1,1.204096069E1,3.344345398E0,1.893523851E1
1.378693196E1,1.324505676E1,1.340163116E1,1.883682861E0,1.893630132E1
1.379697896E1,1.714699265E1,1.376253067E1,3.599414978E0,2.227964083E1
1.380702496E1,2.511417480E1,1.156001083E1,8.628806305E0,2.896225000E1
1.381707196E1,3.330349503E1,9.071735229E0,1.605351654E1,3.806749997E1
1.382711896E1,3.919808716E1,7.084617462E0,2.363075958E1,4.631516641E1
1.383716596E1,4.255680267E1,5.625002747E0,2.845238297E1,5.150009909E1
1.384721296E1,4.368949722E1,4.042343903E0,3.135724228E1,5.392948503E1
1.385725996E1,4.253958847E1,2.756068726E0,3.237647278E1,5.352988410E1
1.386730596E1,3.924613724E1,1.657054138E0,3.138568314E1,5.027987890E1
1.387735296E1,3.474484772E1,1.039288788E0,2.936578354E1,4.550421746E1
1.388739996E1,2.960363892E1,1.066382446E0,2.724080246E1,4.024393032E1
1.389744696E1,2.492257324E1,1.498833160E0,2.456376938E1,3.502513275E1
1.390749396E1,2.106105331E1,1.772913208E0,2.059537170E1,2.951068491E1
1.391754096E1,1.820394470E1,1.727407837E0,1.590906693E1,2.423769690E1
1.392758796E1,1.588945770E1,1.641785889E0,1.168754562E1,1.979315664E1
1.393763396E1,1.384620667E1,1.614243164E0,8.311316528E0,1.622963963E1
1.394768096E1,1.239886642E1,1.696272583E0,5.910608826E0,1.383996120E1
1.395772796E1,1.184067719E1,1.986069946E0,4.447401581E0,1.280333905E1
1.396777496E1,1.194231583E1,2.282752991E0,3.503165131E0,1.265314326E1
1.397782196E1,1.267788620E1,2.643802185E0,3.028352509E0,1.329997772E1
1.398786896E1,1.409319305E1,2.760110321E0,2.631976776E0,1.460012333E1
1.399791496E1,1.549218384E1,2.421514435E0,2.078278198E0,1.581741864E1
1.400796196E1,1.666334839E1,1.758842468E0,1.858086090E0,1.685862362E1
1.401800896E1,1.749232452E1,5.542973328E-1,2.354902954E0,1.765882869E1
1.402805596E1,1.765728149E1,-1.207838287E0,3.172652435E0,1.798066146E1
1.403810296E1,1.723231522E1,-3.201093292E0,3.895948334E0,1.795489068E1
1.404814996E1,1.697799408E1,-4.964875488E0,4.364174652E0,1.821944818E1
1.405819696E1,1.713486786E1,-6.244414673E0,5.167554016E0,1.895521104E1
1.406824296E1,1.817849762E1,-7.116800537E0,6.531667328E0,2.058565772E1
1.407828996E1,1.984423370E1,-8.035440216E0,8.303532715E0,2.296324381E1
1.408833696E1,2.136177795E1,-8.943751373E0,9.834099884E0,2.516000331E1
1.409838396E1,2.222293716E1,-9.826316071E0,1.054557037E1,2.648819507E1
1.410843096E1,2.271661057E1,-1.067984116E1,1.067235672E1,2.727641107E1
1.411847796E1,2.331746109E1,-1.169443130E1,1.053569092E1,2.813297884E1
1.412852396E1,2.345292938E1,-1.311991699E1,1.004830444E1,2.869042594E1
1.413857096E1,2.186009171E1,-1.460572723E1,9.110803986E0,2.782440703E1
1.414861796E1,1.815843933E1,-1.588646393E1,7.325316925E0,2.521445861E1
1.415866496E1,1.248463806E1,-1.707933334E1,4.731061707E0,2.167839385E1
1.416871196E1,4.817881165E0,-1.795306641E1,1.583107910E0,1.865558369E1
1.417875896E1,-3.724704437E0,-1.766611313E1,-1.003812561E0,1.808238413E1
1.418880496E1,-1.157363251E1,-1.703053482E1,-2.211052094E0,2.070934178E1
1.419885221E1,-1.828477661E1,-1.658221710E1,-2.670895844E0,2.482814259E1
1.420889921E1,-2.569376953E1,-1.636082748E1,-4.276906128E0,3.075936272E1
1.421894621E1,-3.220807297E1,-1.734547989E1,-7.165748749E0,3.727698475E1
1.422899321E1,-3.559852249E1,-1.821786575E1,-8.458909607E0,4.087417997E1
1.423904021E1,-3.595223694E1,-1.890867920E1,-8.605754242E0,4.152301164E1
1.424908621E1,-3.315889572E1,-1.946716782E1,-9.113947449E0,3.951641464E1
1.425913321E1,-2.736309814E1,-1.920745789E1,-9.890233154E0,3.486376759E1
1.426918021E1,-1.985336472E1,-1.856993362E1,-1.037866745E1,2.909837218E1
1.427922721E1,-1.135014725E1,-1.767898636E1,-1.005040009E1,2.328911641E1
1.428927421E1,-3.677851868E0,-1.703397766E1,-8.682694244E0,1.946977577E1
1.429932121E1,2.875071259E0,-1.683683762E1,-6.439608765E0,1.825414191E1
1.430936721E1,8.838819580E0,-1.650138519E1,-2.979703674E0,1.895518607E1
1.431941421E1,1.369187759E1,-1.565145264E1,1.368903351E0,2.084009064E1
1.432946121E1,1.631487305E1,-1.445169754E1,4.436174927E0,2.224199389E1
1.433950821E1,1.650303177E1,-1.288804916E1,6.223907318E0,2.184465360E1
1.434955521E1,1.573003922E1,-1.163081360E1,7.363936615E0,2.090305052E1
1.435960221E1,1.445978073E1,-1.068747528E1,7.646099854E0,1.953894136E1
1.436964821E1,1.405008270E1,-9.343420258E0,7.973469086E0,1.866227573E1
1.437969521E1,1.551089493E1,-7.166497192E0,9.170380096E0,1.939181308E1
1.438974221E1,1.742900620E1,-4.456831970E0,1.063224014E1,2.089684518E1
1.439978921E1,1.832339630E1,-1.216520233E0,1.241188934E1,2.216487696E1
1.440983621E1,1.818388641E1,1.867067413E0,1.464838852E1,2.342466546E1
1.441988321E1,1.779529449E1,4.327800293E0,1.596984055E1,2.429893349E1
1.442992921E1,1.686512878E1,6.727460175E0,1.549383041E1,2.386943800E1
1.443997621E1,1.566073334E1,9.112450562E0,1.383782410E1,2.279869952E1
1.445002321E1,1.437475754E1,1.095931000E1,1.190788742E1,2.164573659E1
1.446007021E1,1.328816711E1,1.236952744E1,1.054137909E1,2.099288611E1
1.447011721E1,1.238629257E1,1.309387115E1,9.894873505E0,2.056157161E1
1.448016421E1,1.103819595E1,1.305001236E1,9.545799408E0,1.957720304E1
1.449021121E1,9.082363129E0,1.267698807E1,1.003004242E1,1.854176630E1
1.450025721E1,7.541766815E0,1.279958313E1,1.111798004E1,1.855578226E1
1.451030421E1,7.447013855E0,1.550879929E1,1.180864380E1,2.086683826E1
1.452035121E1,1.122695343E1,2.225901215E1,1.158530823E1,2.749049785E1
1.453039821E1,1.734233643E1,1.690150314E1,1.204739731E1,2.704731453E1
1.454044521E1,1.767823792E1,1.591475510E1,1.736643631E1,2.945153028E1
1.455049121E1,1.778032562E1,1.624631561E1,2.199870346E1,3.261940686E1
1.456053821E1,2.475956223E1,1.062026505E1,2.335742798E1,3.565663182E1
1.457058521E1,3.273392944E1,7.179520111E0,2.472782822E1,4.164758257E1
1.458063221E1,3.795641922E1,6.430028687E0,2.485072266E1,4.582132086E1
1.459067921E1,4.105752045E1,5.635331268E0,2.416754333E1,4.797444210E1
1.460072621E1,4.253644501E1,4.309388580E0,2.299158875E1,4.854413597E1
1.461077321E1,4.064887024E1,2.844085693E0,2.050181625E1,4.561517231E1
1.462081921E1,3.547787338E1,2.065554657E0,1.841784988E1,4.002703099E1
1.463086621E1,2.897255127E1,1.377734985E0,1.714654358E1,3.369437397E1
1.464091321E1,2.259057266E1,2.124082947E-1,1.505808655E1,2.715004716E1
1.465096021E1,1.719863525E1,-4.981640625E-1,1.286155426E1,2.148163867E1
1.466100721E1,1.365879639E1,-4.825964355E-1,1.111887817E1,1.761888390E1
1.467105421E1,1.198961746E1,-2.531236267E-1,9.712852020E0,1.543225495E1
1.468110021E1,1.094254486E1,6.601272583E-2,8.380173340E0,1.378299499E1
1.469114721E1,1.014844620E1,4.291575623E-1,7.342531128E0,1.253347118E1
1.470119421E1,9.951605530E0,7.861651611E-1,6.818770294E0,1.208917436E1
1.471124121E1,1.017209702E1,9.445358276E-1,6.558162231E0,1.213973630E1
1.472128821E1,1.038315811E1,6.620732117E-1,6.642736359E0,1.234399691E1
1.473133521E1,1.065080154E1,2.278262329E-1,6.414910126E0,1.243553578E1
1.474138121E1,1.085752167E1,-1.017883301E-2,5.616021423E0,1.222397550E1
1.475142821E1,1.159084671E1,-3.847000122E-2,4.669389954E0,1.249609579E1
1.476147521E1,1.259241394E1,-2.188449097E-1,4.196074219E0,1.327493204E1
1.477152221E1,1.351479584E1,-5.842350769E-1,4.235292664E0,1.417493355E1
1.478156921E1,1.421548874E1,-1.463955688E0,4.376748505E0,1.494587615E1
1.479161621E1,1.477562393E1,-2.909948730E0,4.581522675E0,1.574094070E1
1.480166221E1,1.481574051E1,-4.433929596E0,4.886737976E0,1.621869620E1
1.481170921E1,1.423030792E1,-5.876629486E0,4.677173767E0,1.609075487E1
1.482175621E1,1.336286179E1,-7.225773926E0,3.801195374E0,1.565972446E1
1.483180321E1,1.238404724E1,-8.316555634E0,2.664608917E0,1.515354296E1
1.484185021E1,1.120000946E1,-9.236392822E0,1.815724182E0,1.463037999E1
1.485189721E1,9.908195801E0,-1.011506561E1,9.446855164E-1,1.419081841E1
1.486194321E1,8.447832642E0,-1.075528427E1,8.711883545E-2,1.367660798E1
1.487199021E1,6.817872162E0,-1.106169708E1,-4.796026611E-1,1.300286668E1
1.488203721E1,4.632267151E0,-1.138756943E1,-8.202941895E-1,1.232101940E1
1.489208421E1,6.253994751E-1,-1.171927963E1,-9.333091736E-1,1.177300750E1
1.490213121E1,-5.594316559E0,-1.095931000E1,-1.115480347E0,1.235504552E1
1.491217821E1,-1.218451218E1,-9.334289246E0,-2.347418518E0,1.552744881E1
1.492222421E1,-1.678175217E1,-7.958799591E0,-4.440515900E0,1.909680283E1
1.493227121E1,-1.859747635E1,-6.102509766E0,-5.782924347E0,2.040953125E1
1.494231821E1,-1.836605759E1,-4.780159607E0,-5.979465637E0,1.989763821E1
1.495236521E1,-1.798330353E1,-4.574337616E0,-6.155050507E0,1.955015133E1
1.496241221E1,-1.780232986E1,-4.643942871E0,-6.476581879E0,1.950474985E1
1.497245821E1,-1.627445709E1,-5.296286316E0,-6.269412689E0,1.822674238E1
1.498250521E1,-1.341420502E1,-6.197412415E0,-5.087769928E0,1.562799474E1
1.499255221E1,-1.017254608E1,-7.064858551E0,-3.779789886E0,1.294912089E1
1.500259921E1,-6.680757294E0,-7.821834412E0,-2.735261993E0,1.064402507E1
1.501264621E1,-2.957549744E0,-8.505911865E0,-1.782792664E0,9.180195359E0
1.502269321E1,7.238946533E-1,-8.837921448E0,-7.604187012E-1,8.900062673E0
1.503273921E1,3.975433044E0,-8.946445770E0,5.752537537E-1,9.806828065E0
1.504278621E1,6.557413788E0,-8.835376740E0,2.072140961E0,1.119630858E1
1.505283321E1,8.347541199E0,-8.715476074E0,3.662433929E0,1.261167671E1
1.506288021E1,9.483079834E0,-8.425229645E0,5.530698853E0,1.383842215E1
1.507292721E1,1.035426819E1,-7.667056274E0,7.120991821E0,1.472084054E1
1.508297421E1,1.151046387E1,-6.136638794E0,8.014483795E0,1.530950896E1
1.509302021E1,1.271201523E1,-4.228556671E0,7.975415039E0,1.559112785E1
1.510306721E1,1.440140213E1,-2.277663574E0,7.060218201E0,1.619983999E1
1.511311421E1,1.642010422E1,3.537144470E-1,6.131100311E0,1.753098193E1
1.512316121E1,1.718815704E1,2.736758881E0,6.380930786E0,1.853749901E1
1.513320821E1,1.667532349E1,4.316873016E0,8.016878815E0,1.899926714E1
1.514325521E1,1.543500275E1,5.577102356E0,9.591304779E0,1.900885341E1
1.515330121E1,1.357227631E1,6.524182892E0,1.095990875E1,1.862501668E1
1.516334821E1,1.183094742E1,6.828799438E0,1.159279266E1,1.791637967E1
1.517339521E1,1.090153015E1,7.222780151E0,1.184846100E1,1.764647106E1
1.518344221E1,1.029708710E1,7.602390747E0,1.277009445E1,1.808042201E1
1.519348862E1,9.733509064E0,7.717950439E0,1.373618546E1,1.852000941E1
1.520353562E1,8.403524780E0,7.871980133E0,1.450753143E1,1.852176472E1
1.521358162E1,6.634054413E0,7.469317474E0,1.504416550E1,1.805902259E1
1.522362862E1,4.723427582E0,6.519392853E0,1.492935425E1,1.696168829E1
1.523367563E1,2.834804993E0,6.021079102E0,1.441008408E1,1.587261906E1
1.524372262E1,1.110839996E0,5.833070068E0,1.358769424E1,1.482848970E1
1.525376962E1,-3.984713745E-1,6.592440948E0,1.294103897E1,1.452892105E1
1.526381662E1,-5.424719238E-1,7.832761688E0,1.300735107E1,1.519334109E1
1.527386262E1,3.206482086E0,8.310717773E0,1.438912766E1,1.692325477E1
1.528390962E1,1.192689789E1,8.137078857E0,1.800545746E1,2.307941602E1
1.529395662E1,2.285357574E1,8.367898865E0,2.485805740E1,3.478836980E1
1.530400363E1,3.248290146E1,8.325536957E0,3.209610580E1,4.641781404E1
1.531405062E1,3.834246643E1,8.169411621E0,3.614817947E1,5.332518071E1
1.532409762E1,4.007810715E1,7.628885651E0,3.560900070E1,5.415215139E1
1.533414362E1,3.936304413E1,6.920858002E0,3.113645142E1,5.066385423E1
1.534419062E1,3.739194305E1,6.532715149E0,2.545097443E1,4.570104891E1
1.535423762E1,3.433380249E1,6.243067474E0,2.051034851E1,4.047789867E1
1.536428462E1,2.988699966E1,5.840853882E0,1.688773178E1,3.482159973E1
1.537433162E1,2.469354950E1,5.221591644E0,1.418375473E1,2.895194820E1
1.538437862E1,1.973795471E1,4.575086060E0,1.210457840E1,2.360167551E1
1.539442462E1,1.580922455E1,4.077371063E0,1.013452515E1,1.921627268E1
1.540447162E1,1.347228424E1,3.976331177E0,7.899373169E0,1.611563678E1
1.541451862E1,1.264675095E1,4.242178345E0,6.112239532E0,1.467296353E1
1.542456562E1,1.241488312E1,4.211192780E0,5.290747833E0,1.413702515E1
1.543461262E1,1.201775894E1,3.658542023E0,5.235512695E0,1.360963089E1
1.544465962E1,1.149055527E1,2.847678223E0,5.521268463E0,1.306240931E1
1.545470562E1,1.149699188E1,2.165097656E0,5.861660614E0,1.308539397E1
1.546475262E1,1.191836563E1,1.343905334E0,6.198460236E0,1.350090479E1
1.547479962E1,1.251801865E1,3.577560425E-1,6.029162292E0,1.389890565E1
1.548484662E1,1.323442886E1,-6.286926270E-1,5.459746399E0,1.433018466E1
1.549489363E1,1.414708099E1,-1.771266632E0,4.774920502E0,1.503586219E1
1.550493962E1,1.503698044E1,-3.220702515E0,3.727847900E0,1.582341794E1
1.551498662E1,1.566163147E1,-4.810696106E0,2.364033966E0,1.655349371E1
1.552503362E1,1.577898743E1,-6.121220856E0,1.383572845E0,1.698116789E1
1.553508062E1,1.551493652E1,-7.135960693E0,1.047970734E0,1.710945449E1
1.554512762E1,1.550281174E1,-8.129893799E0,9.312135315E-1,1.752996017E1
1.555517462E1,1.493264740E1,-8.624315643E0,1.408720551E0,1.730165519E1
1.556522062E1,1.437490723E1,-8.753347321E0,1.758543091E0,1.692192427E1
1.557526762E1,1.365011444E1,-9.082213440E0,1.726958771E0,1.648619458E1
1.558531463E1,1.219948105E1,-9.560768280E0,1.048569489E0,1.553496463E1
1.559536162E1,9.990225220E0,-1.000549347E1,1.422042847E-1,1.413982749E1
1.560540862E1,7.170239410E0,-1.023212219E1,-4.064048767E-1,1.250095287E1
1.561545562E1,3.773203583E0,-1.023002655E1,-5.436694336E-1,1.091723797E1
1.562550162E1,-1.126707001E0,-9.882748718E0,-5.279521179E-1,9.960769264E0
1.563554862E1,-7.349117432E0,-9.056317291E0,-1.241667938E0,1.172894493E1
1.564559562E1,-1.329086151E1,-8.410111084E0,-2.828518066E0,1.598053449E1
1.565564262E1,-1.826965805E1,-7.930209045E0,-4.567901001E0,2.043365705E1
1.566568962E1,-2.182775894E1,-7.378755798E0,-5.816304932E0,2.376397485E1
1.567573563E1,-2.315714447E1,-7.619455261E0,-7.498506775E0,2.550562766E1
1.568578262E1,-2.244507523E1,-7.983797607E0,-8.843160553E0,2.541109826E1
1.569582962E1,-1.995111145E1,-8.218659210E0,-8.922645264E0,2.334966393E1
1.570587662E1,-1.566672089E1,-8.946146393E0,-7.714208221E0,1.962112859E1
1.571592362E1,-1.072699310E1,-1.016266663E1,-5.645659790E0,1.581839589E1
1.572597062E1,-5.671555939E0,-1.105017105E1,-3.007396088E0,1.277956409E1
1.573601662E1,-1.481020203E0,-1.179053146E1,-4.424798584E-1,1.189141882E1
1.574606362E1,1.369202728E0,-1.236339020E1,1.751358032E0,1.256166343E1
1.575611062E1,3.156935120E0,-1.253702911E1,3.815415802E0,1.347964154E1
1.576615762E1,4.445006561E0,-1.236997650E1,5.759273529E0,1.435073634E1
1.577620462E1,5.506299591E0,-1.174966644E1,6.850055237E0,1.467301106E1
1.578625162E1,6.466852112E0,-1.066562073E1,6.583759003E0,1.410395421E1
1.579629762E1,8.020171967E0,-9.248068542E0,5.364394684E0,1.336512852E1
1.580634462E1,9.998757477E0,-7.573949890E0,3.922293549E0,1.314245999E1
1.581639162E1,1.167467239E1,-5.513933716E0,3.307671661E0,1.332824566E1
1.582643862E1,1.340342743E1,-3.247945862E0,3.971990204E0,1.435192410E1
1.583648562E1,1.586505844E1,-3.589535522E-1,5.905070343E0,1.693218187E1
1.584653162E1,1.745430359E1,2.620151367E0,9.277108154E0,1.993947448E1
1.585657862E1,1.681573151E1,4.726271667E0,1.288939636E1,2.170813231E1
1.586662562E1,1.500210297E1,5.936055908E0,1.490570343E1,2.196542392E1
1.587667262E1,1.328427521E1,6.912026367E0,1.492860580E1,2.114500763E1
1.588671962E1,1.253583160E1,7.804470520E0,1.428898590E1,2.054828344E1
1.589676662E1,1.234632568E1,8.319699097E0,1.355730743E1,2.013578247E1
1.590681262E1,1.214604218E1,8.819060669E0,1.329610062E1,2.005214361E1
1.591685962E1,1.163380737E1,9.089398499E0,1.344399307E1,1.996756342E1
1.592690662E1,1.080797470E1,9.006171570E0,1.308039917E1,1.920990073E1
1.593695363E1,9.546847229E0,8.426876221E0,1.188244034E1,1.741685744E1
1.594700062E1,7.893834686E0,7.870333557E0,1.055799454E1,1.535337178E1
1.595704663E1,6.679859161E0,7.458689575E0,9.257947998E0,1.363679470E1
1.596709362E1,5.982010345E0,7.419770508E0,7.787106628E0,1.230757782E1
1.597714062E1,5.902226257E0,8.414152679E0,6.467600555E0,1.214347961E1
1.598718762E1,7.847730560E0,9.280700684E0,7.238048401E0,1.414594022E1
1.599723462E1,1.254496262E1,9.245673523E0,1.092967163E1,1.903460764E1
1.600728162E1,1.861558868E1,9.119635620E0,1.686842194E1,2.672548511E1
1.601732762E1,2.521506500E1,8.628806305E0,2.408596298E1,3.592199068E1
1.602737463E1,3.174089447E1,8.450527039E0,2.976440460E1,4.432624020E1
1.603742162E1,3.604564270E1,9.293723602E0,3.224624359E1,4.924918153E1
1.604746862E1,3.768114166E1,9.952653351E0,3.108450943E1,4.985148415E1
1.605751562E1,3.757411423E1,1.017104919E1,2.709365845E1,4.742710860E1
1.606756262E1,3.573249390E1,1.078926361E1,2.401186707E1,4.438230604E1
1.607760862E1,3.211766098E1,1.070603668E1,2.225961090E1,4.051732525E1
1.608765562E1,2.784584427E1,1.018227585E1,2.037652679E1,3.597600073E1
1.609770262E1,2.394286057E1,9.812395020E0,1.795725769E1,3.149613900E1
1.610774962E1,2.069521408E1,9.338630219E0,1.461321167E1,2.700088620E1
1.611779662E1,1.799692520E1,8.747808838E0,1.083012863E1,2.275313522E1
1.612784262E1,1.570339462E1,8.165669403E0,8.144413605E0,1.948348615E1
1.613788962E1,1.410651535E1,7.253616028E0,7.113507385E0,1.738420859E1
1.614793662E1,1.353051315E1,6.409371643E0,7.579039307E0,1.678084229E1
1.615798362E1,1.364427658E1,5.659281464E0,8.305628357E0,1.694630380E1
1.616803062E1,1.410307251E1,4.913232880E0,8.820258179E0,1.734455148E1
1.617807762E1,1.470497086E1,3.729644165E0,9.140142975E0,1.771125707E1
1.618812362E1,1.517125122E1,2.355950775E0,8.903036041E0,1.774771586E1
1.619817325E1,1.542257858E1,6.809339905E-1,8.311166840E0,1.753268649E1
1.620822025E1,1.574321182E1,-1.217118988E0,8.059540100E0,1.772812127E1
1.621826725E1,1.586865097E1,-3.086581421E0,7.401957550E0,1.778004623E1
1.622831425E1,1.604797806E1,-4.903353424E0,7.484436035E0,1.837381989E1
1.623836025E1,1.634211639E1,-7.006330261E0,8.653954010E0,1.977484139E1
1.624840725E1,1.639181305E1,-9.107510834E0,9.819131012E0,2.116727716E1
1.625845425E1,1.564426758E1,-1.112860794E1,1.035965698E1,2.181539630E1
1.626850125E1,1.442190948E1,-1.251951553E1,1.045246399E1,2.177116776E1
1.627854825E1,1.332753525E1,-1.356643845E1,9.614207153E0,2.130972611E1
1.628859525E1,1.230875381E1,-1.435080734E1,8.164022827E0,2.059374567E1
1.629864125E1,1.121872055E1,-1.458521988E1,6.723867645E0,1.959078165E1
1.630868825E1,9.828411713E0,-1.439855804E1,5.134622498E0,1.817362096E1
1.631873525E1,7.936645660E0,-1.421234528E1,3.330574036E0,1.661546948E1
1.632878225E1,5.552104340E0,-1.384141663E1,1.413360901E0,1.498026254E1
1.633882925E1,2.105521545E0,-1.348216370E1,-6.786886597E-1,1.366245136E1
1.634887525E1,-3.124153290E0,-1.291529251E1,-3.004701691E0,1.362326491E1
1.635892225E1,-9.856253815E0,-1.248448837E1,-5.701793060E0,1.689729663E1
1.636896925E1,-1.736059845E1,-1.194051956E1,-7.360793152E0,2.231922180E1
1.637901625E1,-2.411036224E1,-1.099014587E1,-8.427924042E0,2.780508546E1
1.638906325E1,-2.796305054E1,-1.150761978E1,-9.178014221E0,3.160052932E1
1.639910925E1,-2.760664169E1,-1.267204834E1,-8.088729401E0,3.143461497E1
1.640915625E1,-2.427322357E1,-1.333831284E1,-4.631369019E0,2.808112446E1
1.641920325E1,-2.004466690E1,-1.391536285E1,-6.077362061E-1,2.440891923E1
1.642925025E1,-1.552885757E1,-1.415411636E1,3.208428040E0,2.125508029E1
1.643929725E1,-1.157842255E1,-1.402149216E1,6.074667664E0,1.917195082E1
1.644934425E1,-8.418493652E0,-1.413420776E1,7.124135284E0,1.792763699E1
1.645939025E1,-6.286477203E0,-1.430575104E1,6.559060364E0,1.694684576E1
1.646943725E1,-4.396208038E0,-1.423839111E1,4.913681946E0,1.569084755E1
1.647948425E1,-1.395997009E0,-1.401730087E1,2.665507050E0,1.433661254E1
1.648953125E1,2.217039642E0,-1.359278366E1,3.023712158E-1,1.377571997E1
1.649957825E1,5.365292816E0,-1.277922546E1,-1.432670746E0,1.393368278E1
1.650962425E1,8.153394928E0,-1.164323776E1,-2.027084656E0,1.435799104E1
1.651967125E1,1.086276077E1,-1.007943970E1,-1.781744843E0,1.492545781E1
1.652971825E1,1.320613770E1,-8.235424347E0,-1.413510590E0,1.562761336E1
1.653976525E1,1.492725861E1,-6.209986267E0,-9.467811584E-1,1.619516513E1
1.654981225E1,1.666185150E1,-3.964954834E0,-8.053253174E-2,1.712730708E1
1.655985825E1,1.872411301E1,-1.224304047E0,1.719324646E0,1.884270165E1
1.656990525E1,2.037772430E1,2.107467499E0,3.650009766E0,2.080902781E1
1.657995225E1,2.161175812E1,5.268144836E0,4.497397614E0,2.269466951E1
1.658999925E1,2.072500214E1,7.687264252E0,4.423750763E0,2.254305472E1
1.660004625E1,1.818508392E1,9.455537109E0,3.678750000E0,2.082396842E1
1.661009325E1,1.579949478E1,1.041549088E1,2.521356812E0,1.909093308E1
1.662013925E1,1.443568085E1,1.075079361E1,2.541864166E0,1.817772038E1
1.663018625E1,1.420156769E1,1.097697327E1,3.723357239E0,1.833144446E1
1.664023325E1,1.430455353E1,1.139969421E1,5.250481567E0,1.902999833E1
1.665028025E1,1.432790497E1,1.150342850E1,6.173911285E0,1.938388270E1
1.666032725E1,1.370729553E1,1.102008362E1,6.737189941E0,1.883406281E1
1.667037325E1,1.157587784E1,9.904004517E0,7.238048401E0,1.686652299E1
1.668042025E1,8.102351074E0,8.451275482E0,7.003186798E0,1.364246222E1
1.669046725E1,4.691843262E0,7.543862457E0,6.448739777E0,1.097768184E1
1.670051425E1,2.705324249E0,7.887398071E0,6.900500336E0,1.082343441E1
1.671056125E1,3.861669617E0,8.939859467E0,9.217532043E0,1.340882085E1
1.672060725E1,9.703870697E0,9.436227264E0,1.304671921E1,1.879958440E1
1.673065425E1,1.860076950E1,9.859397278E0,2.084131027E1,2.962358106E1
1.674070125E1,2.813639008E1,8.599617004E0,3.066583008E1,4.249709394E1
1.675074825E1,3.453019409E1,7.606582031E0,3.717354721E1,5.130367440E1
1.676079525E1,3.722249542E1,8.738528137E0,3.736035873E1,5.345720199E1
1.677084225E1,3.777574493E1,9.605824585E0,3.380974228E1,5.159823102E1
1.678088825E1,3.725153503E1,9.579928436E0,2.955304413E1,4.850602342E1
1.679093525E1,3.523702423E1,9.753717041E0,2.606424911E1,4.490131351E1
1.680098225E1,3.199297028E1,9.545050964E0,2.342209351E1,4.078299412E1
1.681102925E1,2.811318832E1,9.181606750E0,2.089474915E1,3.621110054E1
1.682107625E1,2.419957672E1,8.735234985E0,1.804048462E1,3.142264994E1
1.683112225E1,2.073488159E1,8.053552551E0,1.451771027E1,2.656235936E1
1.684116925E1,1.802207291E1,7.636519775E0,1.086545517E1,2.238681894E1
1.685121625E1,1.624871063E1,7.422165527E0,8.124055939E0,1.962420503E1
1.686126325E1,1.553574326E1,7.009773102E0,6.640790405E0,1.829197460E1
1.687131025E1,1.521017029E1,6.327491913E0,6.209237823E0,1.760514324E1
1.688135625E1,1.473206451E1,5.447022858E0,6.298751678E0,1.692270828E1
1.689140325E1,1.434601730E1,4.306095428E0,6.308481445E0,1.625261851E1
1.690145025E1,1.431488205E1,3.133583679E0,6.123765564E0,1.588192997E1
1.691149725E1,1.426773010E1,2.035018158E0,5.807772675E0,1.553832824E1
1.692154425E1,1.418091064E1,7.964936829E-1,5.321434021E0,1.516740877E1
1.693159025E1,1.400442764E1,-5.330415344E-1,4.646637268E0,1.476480155E1
1.694163725E1,1.392419449E1,-2.001787262E0,4.401596832E0,1.473989142E1
1.695168425E1,1.382480118E1,-3.758534088E0,4.575385437E0,1.503947665E1
1.696173125E1,1.325792999E1,-5.720803528E0,4.993615723E0,1.527862882E1
1.697177825E1,1.227836700E1,-7.674540710E0,5.439239044E0,1.546745592E1
1.698182425E1,1.075094330E1,-9.374256134E0,5.619015198E0,1.533077923E1
1.699187125E1,8.902586975E0,-1.044647644E1,4.950205994E0,1.459073214E1
1.700191825E1,7.650590515E0,-1.085123474E1,3.919898529E0,1.384364241E1
1.701196525E1,7.041956177E0,-1.084479813E1,3.298390961E0,1.334459352E1
1.702201225E1,6.633305969E0,-1.057580750E1,3.021766205E0,1.284443550E1
1.703205825E1,6.353238373E0,-1.037702087E1,2.126627655E0,1.235187213E1
1.704210525E1,5.846991119E0,-1.034319122E1,5.908213806E-1,1.189613297E1
1.705215225E1,4.172273712E0,-1.046294220E1,-1.220262451E0,1.133005154E1
1.706219925E1,5.177732849E-1,-1.096694412E1,-3.464096375E0,1.151268501E1
1.707224625E1,-4.916675720E0,-1.123937759E1,-5.693260803E0,1.352444185E1
1.708229325E1,-1.100885696E1,-1.099628311E1,-6.338868256E0,1.680161970E1
1.709233925E1,-1.640812912E1,-1.043599823E1,-5.575156403E0,2.022916531E1
1.710238625E1,-1.916195251E1,-1.105062012E1,-4.340972900E0,2.254197584E1
1.711243325E1,-2.026665527E1,-1.159294235E1,-2.872526550E0,2.352413733E1
1.712248025E1,-2.015573593E1,-1.134026779E1,-8.581654358E-1,2.314285662E1
1.713252625E1,-1.790441757E1,-1.144804367E1,2.248623962E0,2.137012359E1
1.714257325E1,-1.451860840E1,-1.219154755E1,5.392536163E0,1.971048624E1
1.715262025E1,-1.075483521E1,-1.253583160E1,8.148455200E0,1.841767837E1
1.716266725E1,-6.784491577E0,-1.246443008E1,9.845925293E0,1.727233592E1
1.717271425E1,-2.956202545E0,-1.207898163E1,1.033031799E1,1.616652098E1
1.718276125E1,3.403921509E-1,-1.157677597E1,9.602232056E0,1.504461595E1
1.719280725E1,3.079546051E0,-1.124805954E1,8.141569519E0,1.422278459E1
1.720285171E1,5.431305542E0,-1.084045715E1,6.840624847E0,1.392152073E1
1.721289871E1,7.758067017E0,-1.015188904E1,6.200256500E0,1.420181804E1
1.722294571E1,1.016790573E1,-9.064699860E0,6.528823242E0,1.510564873E1
1.723299271E1,1.243284576E1,-7.692802734E0,7.266788635E0,1.632669853E1
1.724303871E1,1.447474960E1,-5.809718628E0,7.698490906E0,1.739361862E1
1.725308571E1,1.620574997E1,-3.673361206E0,7.645800476E0,1.829147833E1
1.726313271E1,1.731404526E1,-1.516197052E0,7.072193298E0,1.876408630E1
1.727317971E1,1.740625351E1,5.345384216E-1,5.952371979E0,1.840364433E1
1.728322671E1,1.627715149E1,2.172432404E0,4.707859955E0,1.708300525E1
1.729327271E1,1.461425949E1,3.526815948E0,4.061054993E0,1.557264200E1
1.730331971E1,1.358529922E1,4.731959839E0,4.139791260E0,1.496962493E1
1.731336671E1,1.328756836E1,6.022875366E0,4.606670380E0,1.529888599E1
1.732341371E1,1.308982956E1,7.000492401E0,6.179000702E0,1.607888620E1
1.733346071E1,1.246802261E1,7.196734314E0,8.521180115E0,1.672886975E1
1.734350671E1,1.088491470E1,7.311395874E0,1.021311172E1,1.662063563E1
1.735355371E1,8.770711212E0,7.344776459E0,1.041114990E1,1.546813365E1
1.736360071E1,6.898853760E0,7.148983612E0,1.023272095E1,1.426221329E1
1.737364771E1,5.394482117E0,6.954088898E0,1.086306015E1,1.398091075E1
1.738369471E1,4.243226166E0,6.985673218E0,1.227193039E1,1.474465578E1
1.739374071E1,3.498225403E0,7.152725830E0,1.460482910E1,1.663430494E1
1.740378771E1,3.563190308E0,7.553143158E0,1.778601379E1,1.964913696E1
1.741383471E1,4.895270233E0,7.879314880E0,2.129995651E1,2.323220655E1
1.742388171E1,8.524024200E0,7.704179077E0,2.467723343E1,2.722093337E1
1.743392871E1,1.544443314E1,7.657625885E0,3.026646057E1,3.483142812E1
1.744397471E1,2.427636703E1,7.400760040E0,3.729180130E1,4.510866535E1
1.745402171E1,3.265788757E1,5.977070618E0,4.220129196E1,5.369554951E1
1.746406871E1,3.764042633E1,5.452860718E0,4.393663330E1,5.811164367E1
1.747411571E1,3.937052856E1,6.531367950E0,4.232119263E1,5.817027275E1
1.748416271E1,3.944267853E1,7.007078705E0,3.807871490E1,5.527035888E1
1.749420871E1,3.847838379E1,6.663543091E0,3.282404205E1,5.101378796E1
1.750425571E1,3.588876892E1,6.364914093E0,2.721954666E1,4.549087366E1
1.751430271E1,3.211092499E1,6.008205872E0,2.186727676E1,3.931142117E1
1.752434971E1,2.806678482E1,5.517077179E0,1.711241455E1,3.333192587E1
1.753439671E1,2.430765198E1,4.823120270E0,1.355206833E1,2.824505248E1
1.754444271E1,2.126777344E1,3.985162811E0,1.139565262E1,2.445527772E1
1.755448971E1,1.905746979E1,2.975961456E0,1.039707916E1,2.191216001E1
1.756453671E1,1.774829224E1,1.965712280E0,9.714947662E0,2.032845568E1
1.757458371E1,1.699041824E1,1.021625519E0,9.114546204E0,1.930784771E1
1.758463071E1,1.659943130E1,-7.978408813E-2,8.578810272E0,1.868538121E1
1.759467671E1,1.600307144E1,-1.140478363E0,8.105494537E0,1.797492777E1
1.760472371E1,1.507844421E1,-2.232008514E0,7.205715637E0,1.686012099E1
1.761477071E1,1.391431503E1,-3.178490295E0,6.061794434E0,1.550665390E1
1.762481771E1,1.287547531E1,-3.786376190E0,5.012925568E0,1.432633700E1
1.763486371E1,1.231189728E1,-4.017944641E0,4.657414856E0,1.376292872E1
1.764491071E1,1.236129456E1,-4.084855499E0,4.832700348E0,1.388677933E1
1.765495771E1,1.260917908E1,-4.399950256E0,5.185816040E0,1.432632707E1
1.766500471E1,1.274120453E1,-5.048102417E0,5.641318817E0,1.482046250E1
1.767505171E1,1.233869156E1,-5.755381622E0,5.866450653E0,1.482507910E1
1.768509771E1,1.140358612E1,-6.583908691E0,5.830375671E0,1.440079548E1
1.769514471E1,1.054646851E1,-7.031627655E0,5.644013214E0,1.387539803E1
1.770519171E1,9.922865295E0,-7.271279297E0,5.539829865E0,1.349164457E1
1.771523871E1,9.532028046E0,-7.407795410E0,5.548362122E0,1.328605712E1
1.772528571E1,9.219328308E0,-7.449708252E0,5.321733398E0,1.299288320E1
1.773533171E1,8.682843933E0,-7.652985535E0,4.617897034E0,1.246133778E1
1.774537871E1,7.724237366E0,-7.595804443E0,3.472928009E0,1.137634902E1
1.775542571E1,6.386169891E0,-7.906408539E0,1.806892548E0,1.032275751E1
1.776547271E1,4.838987274E0,-8.398734741E0,-2.439926147E-2,9.693045879E0
1.777551971E1,3.149300995E0,-8.928632812E0,-1.718426514E0,9.622451369E0
1.778556571E1,1.115779724E0,-9.922715607E0,-3.048261108E0,1.044016979E1
1.779561271E1,-1.374890900E0,-1.101768860E1,-3.678899689E0,1.169675553E1
1.780565971E1,-4.308340759E0,-1.223420883E1,-3.840413818E0,1.352724821E1
1.781570671E1,-8.147407379E0,-1.307770477E1,-4.050876160E0,1.593161030E1
1.782575371E1,-1.250619324E1,-1.338456665E1,-4.320315857E0,1.882064353E1
1.783579971E1,-1.644390472E1,-1.326077408E1,-3.967349854E0,2.149395256E1
1.784584671E1,-1.949890182E1,-1.285317169E1,-2.865191803E0,2.352914191E1
1.785589371E1,-2.186203766E1,-1.257040970E1,-1.605411530E0,2.526937349E1
1.786594071E1,-2.328916992E1,-1.282802399E1,-9.604028320E-1,2.660575142E1
1.787598771E1,-2.404539734E1,-1.387629410E1,-6.641688538E-1,2.777001605E1
1.788603371E1,-2.476225662E1,-1.529249908E1,-5.837860107E-3,2.910377837E1
1.789608071E1,-2.445823883E1,-1.644719788E1,3.965254211E-1,2.947665173E1
1.790612771E1,-2.213506989E1,-1.752301071E1,1.454974365E-1,2.823186839E1
1.791617471E1,-1.742631180E1,-1.823253525E1,-6.011499023E-1,2.522821963E1
1.792622071E1,-1.165236877E1,-1.885194717E1,-1.832639008E0,2.223807941E1
1.793626771E1,-5.209616547E0,-1.907453430E1,-2.959495697E0,1.999341337E1
1.794631471E1,2.151925049E0,-1.871213791E1,-3.268453217E0,1.911694727E1
1.795636171E1,9.186097412E0,-1.798435135E1,-2.401306458E0,2.033685206E1
1.796640871E1,1.473251358E1,-1.728096405E1,-3.294648743E-1,2.271094939E1
1.797645471E1,1.891736115E1,-1.632924316E1,2.746937714E0,2.514073193E1
1.798650171E1,2.157852722E1,-1.503638168E1,6.170767822E0,2.701488454E1
1.799654871E1,2.219015533E1,-1.340267899E1,8.963510284E0,2.742953362E1
1.800659571E1,2.202774307E1,-1.173125473E1,1.070424042E1,2.715556233E1
1.801664271E1,2.182730988E1,-1.008003845E1,1.180984131E1,2.678639549E1
1.802668871E1,2.207773911E1,-8.297694855E0,1.227672043E1,2.658939955E1
1.803673571E1,2.236529114E1,-6.095025330E0,1.185893921E1,2.603824150E1
1.804678271E1,2.344499588E1,-3.298390961E0,1.082623672E1,2.603372076E1
1.805682971E1,2.544064590E1,-3.487747192E-2,1.017194733E1,2.739883561E1
1.806687671E1,2.697570374E1,3.631448364E0,9.955347748E0,2.898249399E1
1.807692271E1,2.737477386E1,7.116800537E0,9.705217896E0,2.990348388E1
1.808696971E1,2.664369415E1,9.729168091E0,9.754016418E0,2.999473264E1
1.809701671E1,2.498529282E1,1.116857483E1,9.691147156E0,2.903308895E1
1.810706371E1,2.263532959E1,1.169817352E1,1.009126511E1,2.740509151E1
1.811711071E1,1.977253281E1,1.124776016E1,1.116004257E1,2.533795004E1
1.812715671E1,1.605052277E1,1.040740768E1,1.173784103E1,2.244349188E1
1.813720371E1,1.223106537E1,9.281000061E0,1.132978958E1,1.908140598E1
1.814725071E1,8.929980011E0,8.306376801E0,9.760453033E0,1.562071964E1
1.815729771E1,6.688990173E0,8.695118408E0,7.733218689E0,1.342200972E1
1.816734371E1,6.251749420E0,1.050485504E1,6.914571075E0,1.404448801E1
1.817739071E1,8.498128052E0,1.232087860E1,8.410410461E0,1.716849539E1
1.818743771E1,1.473206451E1,1.307126816E1,1.112785950E1,2.262125180E1
1.819748508E1,2.224299545E1,1.376791946E1,1.593196930E1,3.062897483E1
1.820753208E1,2.962893631E1,1.397269363E1,2.242172379E1,3.969689826E1
1.821757808E1,3.587320129E1,1.350237167E1,2.775857574E1,4.732588234E1
1.822762508E1,4.033392517E1,1.320868240E1,2.952744736E1,5.170265910E1
1.823767208E1,4.327755386E1,1.259181519E1,2.858605499E1,5.337286781E1
1.824771908E1,4.389157700E1,1.153770721E1,2.809627350E1,5.337592906E1
1.825776608E1,4.207435593E1,1.071651489E1,2.780393143E1,5.155728582E1
1.826781208E1,3.832884476E1,9.815688171E0,2.585498428E1,4.726445056E1
1.827785908E1,3.403756851E1,9.014404449E0,2.228625549E1,4.167124598E1
1.828790608E1,3.008548691E1,8.293353882E0,1.782927383E1,3.594160885E1
1.829795308E1,2.661555267E1,7.651788025E0,1.291843597E1,3.055852569E1
1.830800008E1,2.374182861E1,7.326364746E0,8.247848511E0,2.617970686E1
1.831804608E1,2.153691376E1,7.427704010E0,4.512216797E0,2.322433081E1
1.832809308E1,2.022549088E1,7.703580322E0,2.127076721E0,2.174718571E1
1.833814008E1,2.009960266E1,8.021668854E0,1.093027039E0,2.166877723E1
1.834818708E1,2.083053268E1,8.067922668E0,9.116043091E-1,2.235695620E1
1.835823308E1,2.174438232E1,7.590715027E0,1.110690308E0,2.305798669E1
1.836828008E1,2.228505798E1,6.529721375E0,1.650467834E0,2.328057376E1
1.837832708E1,2.254506729E1,5.152734833E0,2.868934021E0,2.330368035E1
1.838837408E1,2.346700012E1,3.561992798E0,3.921694794E0,2.405758877E1
1.839842108E1,2.491493912E1,1.689985657E0,4.919968872E0,2.545223637E1
1.840846708E1,2.615870270E1,-8.437953186E-1,6.152655487E0,2.688577481E1
1.841851408E1,2.674593155E1,-3.924389191E0,7.201374664E0,2.797508681E1
1.842856108E1,2.623564270E1,-7.388485565E0,7.947722626E0,2.839128320E1
1.843860808E1,2.463666779E1,-1.081186661E1,8.416248322E0,2.819033691E1
1.844865508E1,2.265329224E1,-1.363783997E1,8.600664825E0,2.780528301E1
1.845870108E1,2.057695999E1,-1.579784821E1,8.039481812E0,2.715909715E1
1.846874808E1,1.840707230E1,-1.739053619E1,7.093000031E0,2.629756090E1
1.847879508E1,1.631113083E1,-1.833731735E1,6.113736420E0,2.529205349E1
1.848884208E1,1.427162201E1,-1.893233002E1,5.146148529E0,2.426098018E1
1.849888908E1,1.174322983E1,-1.944516357E1,3.639681244E0,2.300576260E1
1.850893508E1,8.049660645E0,-1.969813751E1,1.544039154E0,2.133536301E1
1.851898208E1,3.562292175E0,-1.988569748E1,-9.880952454E-1,2.022639914E1
1.852902908E1,-1.385967865E0,-2.014585648E1,-3.739224243E0,2.053675335E1
1.853907608E1,-6.702013092E0,-2.006023453E1,-6.231541443E0,2.204908383E1
1.854912208E1,-1.143576920E1,-1.916030594E1,-7.495513000E0,2.353883718E1
1.855916908E1,-1.439257050E1,-1.787777298E1,-6.687942352E0,2.390584500E1
1.856921608E1,-1.591715012E1,-1.617985382E1,-3.966152344E0,2.304069665E1
1.857926308E1,-1.731778748E1,-1.486364090E1,-1.246158600E0,2.285577597E1
1.858931008E1,-1.851918915E1,-1.456665848E1,4.957690430E-1,2.356679216E1
1.859935608E1,-1.930759964E1,-1.451546494E1,1.788331146E0,2.422148332E1
1.860940308E1,-1.972553055E1,-1.435005890E1,3.089575195E0,2.458792835E1
1.861945008E1,-1.924622726E1,-1.433808380E1,4.100872192E0,2.434779382E1
1.862949708E1,-1.707499237E1,-1.453058350E1,4.743336182E0,2.291707790E1
1.863954308E1,-1.362062576E1,-1.470003113E1,5.115612030E0,2.068288780E1
1.864959008E1,-9.740843811E0,-1.502949600E1,4.815336456E0,1.854608458E1
1.865963708E1,-5.654491425E0,-1.530252823E1,3.843108215E0,1.676037363E1
1.866968408E1,-1.650916901E0,-1.527992523E1,2.096689911E0,1.551121369E1
1.867973108E1,1.875449982E0,-1.482502121E1,-2.017803955E-1,1.494454020E1
1.868977708E1,4.616699524E0,-1.417956345E1,-2.481838989E0,1.511732314E1
1.869982408E1,6.396498413E0,-1.341779755E1,-4.353397064E0,1.548885241E1
1.870987108E1,7.477550354E0,-1.245679596E1,-5.639821930E0,1.558502859E1
1.871991808E1,8.100105743E0,-1.143142822E1,-6.174510040E0,1.531057930E1
1.872996408E1,8.818611603E0,-1.059197388E1,-5.814358978E0,1.495876304E1
1.874001108E1,9.836943970E0,-9.637109528E0,-4.918172607E0,1.462285090E1
1.875005808E1,1.131407227E1,-8.539442139E0,-3.703748016E0,1.465087208E1
1.876010508E1,1.353650070E1,-6.746919708E0,-2.144739990E0,1.527604944E1
1.877015208E1,1.614452728E1,-4.185446320E0,-2.948867798E-2,1.667826705E1
1.878019808E1,1.900462967E1,-6.912625122E-1,2.584675140E0,1.919203841E1
1.879024508E1,2.174228668E1,3.280428314E0,5.015021210E0,2.255301926E1
1.880029208E1,2.350831421E1,7.165299683E0,7.034920807E0,2.556310754E1
1.881033908E1,2.387669815E1,1.057386154E1,8.556057587E0,2.747925370E1
1.882038608E1,2.298140991E1,1.267429367E1,1.009740234E1,2.812010768E1
1.883043208E1,2.082903580E1,1.350970642E1,1.308084824E1,2.806188679E1
1.884047908E1,1.735760468E1,1.400457733E1,1.786819290E1,2.857773511E1
1.885052608E1,1.387824005E1,1.415052383E1,2.249297562E1,2.997960680E1
1.886057308E1,1.100810852E1,1.388048538E1,2.403132660E1,2.985550177E1
1.887061908E1,8.873247986E0,1.380668884E1,2.142150375E1,2.698592244E1
1.888066608E1,7.151977386E0,1.389650208E1,1.671678726E1,2.288480996E1
1.889071308E1,6.539750519E0,1.435185516E1,1.303878571E1,2.046348006E1
1.890076008E1,9.405241699E0,1.482157837E1,1.411070663E1,2.252220679E1
1.891080708E1,1.478295868E1,1.444645844E1,1.946103058E1,2.838957097E1
1.892085308E1,1.938603653E1,1.234946915E1,2.431528610E1,3.345984069E1
1.893090008E1,2.289369232E1,9.798773346E0,2.725367569E1,3.691747480E1
1.894094708E1,2.581471802E1,8.720415802E0,2.711087265E1,3.843754329E1
1.895099408E1,2.887270889E1,9.251062317E0,2.466331238E1,3.908317349E1
1.896104008E1,3.180780533E1,9.785301361E0,2.235735764E1,4.009164555E1
1.897108708E1,3.287912750E1,9.598639526E0,2.142853912E1,4.040239096E1
1.898113408E1,3.137894714E1,9.407936096E0,2.106719055E1,3.894835174E1
1.899118108E1,2.966965164E1,9.790989532E0,1.971684860E1,3.694463186E1
1.900122808E1,2.871224258E1,1.063134201E1,1.832534225E1,3.568243932E1
1.901127408E1,2.747940628E1,1.130763565E1,1.727048584E1,3.436931880E1
1.902132108E1,2.525084061E1,1.151136200E1,1.563783096E1,3.185369937E1
1.903136808E1,2.262021103E1,1.084764221E1,1.322095688E1,2.835734454E1
1.904141508E1,1.997581009E1,9.646240540E0,1.045246399E1,2.452217259E1
1.905146108E1,1.786983948E1,8.448581085E0,7.833061066E0,2.126185624E1
1.906150808E1,1.671289536E1,7.270081787E0,5.570216675E0,1.905786646E1
1.907155508E1,1.609153748E1,6.271957397E0,3.932921448E0,1.771278914E1
1.908160208E1,1.615934647E1,5.381459198E0,3.155587921E0,1.732172960E1
1.909164908E1,1.674986847E1,4.398004303E0,2.826272736E0,1.754674765E1
1.910169508E1,1.726898895E1,3.062631226E0,2.531535645E0,1.772022467E1
1.911174208E1,1.759261597E1,1.702260132E0,2.421215057E0,1.783984609E1
1.912178908E1,1.801623505E1,3.737727356E-1,2.204166412E0,1.815441491E1
1.913183608E1,1.821142914E1,-1.256936188E0,1.811682587E0,1.834443331E1
1.914188308E1,1.777822998E1,-2.843037872E0,1.589694214E0,1.807416535E1
1.915192908E1,1.719983276E1,-4.157304840E0,1.699416046E0,1.777654200E1
1.916197608E1,1.712858093E1,-5.060077515E0,2.061213684E0,1.797891184E1
1.917202308E1,1.739233246E1,-5.870342560E0,2.980152740E0,1.859665186E1
1.918207008E1,1.786025940E1,-6.748117218E0,4.332889709E0,1.957804600E1
1.919211608E1,1.765922745E1,-7.784262543E0,5.063819733E0,1.995207577E1
1.920216337E1,1.650797150E1,-8.635691986E0,5.651797028E0,1.946872129E1
1.921221038E1,1.493384491E1,-9.733808441E0,5.887107697E0,1.877298025E1
1.922225737E1,1.274794052E1,-1.084794159E1,5.612129517E0,1.765456944E1
1.923230437E1,9.764943695E0,-1.177496384E1,4.921765137E0,1.606946392E1
1.924235037E1,5.783972168E0,-1.221923996E1,4.320465546E0,1.419262420E1
1.925239737E1,1.002914429E0,-1.203781723E1,3.736380157E0,1.264418513E1
1.926244437E1,-4.337829437E0,-1.273461823E1,2.134411469E0,1.362141615E1
1.927249137E1,-1.013482452E1,-1.440095306E1,-5.662724304E-1,1.761881897E1
1.928253737E1,-1.661933990E1,-1.531270706E1,-2.738255768E0,2.276355642E1
1.929258437E1,-2.241304184E1,-1.489702148E1,-3.799698486E0,2.717909863E1
1.930263138E1,-2.608086456E1,-1.579545319E1,-3.987108765E0,3.075068900E1
1.931267837E1,-2.783012695E1,-1.697754501E1,-3.113226013E0,3.274820876E1
1.932272438E1,-2.806888046E1,-1.758722717E1,-9.955796814E-1,3.313855442E1
1.933277137E1,-2.640344376E1,-1.799198547E1,1.877994690E0,3.200594082E1
1.934281837E1,-2.314292404E1,-1.837234451E1,4.230802002E0,2.985025396E1
1.935286537E1,-1.771566010E1,-1.822804459E1,5.173840942E0,2.593983138E1
1.936291237E1,-1.101170105E1,-1.780352737E1,3.916306000E0,2.129696222E1
1.937295837E1,-4.918022919E0,-1.724069778E1,1.233435059E0,1.797080887E1
1.938300537E1,2.790197754E-1,-1.669912399E1,-1.979333954E0,1.681833396E1
1.939305238E1,4.509971466E0,-1.582419342E1,-4.561314697E0,1.707485086E1
1.940309937E1,7.748636627E0,-1.509251495E1,-6.017636261E0,1.800103673E1
1.941314637E1,1.005713608E1,-1.461680420E1,-6.168223114E0,1.878414032E1
1.942319237E1,1.153890472E1,-1.431308578E1,-5.243296509E0,1.911813027E1
1.943323937E1,1.273102570E1,-1.392284729E1,-3.600462799E0,1.920645788E1
1.944328637E1,1.426758041E1,-1.308623703E1,-1.471440125E0,1.941593641E1
1.945333337E1,1.631966309E1,-1.151495453E1,7.017407227E-1,1.998544523E1
1.946337937E1,1.826606552E1,-9.224118347E0,2.579885101E0,2.062496827E1
1.947342637E1,1.970726852E1,-6.382876740E0,4.615801392E0,2.122317532E1
1.948347337E1,2.122900406E1,-2.973416748E0,7.316036224E0,2.265030257E1
1.949352037E1,2.245001495E1,1.116827545E0,1.049497559E1,2.480715598E1
1.950356737E1,2.213387238E1,5.539979553E0,1.402807846E1,2.678407484E1
1.951361337E1,2.058474380E1,9.030570831E0,1.649973862E1,2.788412203E1
1.952366037E1,1.815050583E1,1.094014984E1,1.668849609E1,2.697468521E1
1.953370737E1,1.468521194E1,1.214229996E1,1.612791183E1,2.496398282E1
1.954375437E1,1.111169312E1,1.289029449E1,1.647324371E1,2.368537892E1
1.955380037E1,9.008566589E0,1.360221405E1,1.766476593E1,2.404617338E1
1.956384737E1,8.176596680E0,1.437805069E1,1.810410233E1,2.452230813E1
1.957389437E1,7.985294495E0,1.463282089E1,1.860600861E1,2.498135168E1
1.958394137E1,7.169490967E0,1.384321289E1,1.885449188E1,2.446483207E1
1.959398837E1,4.783901825E0,1.261890884E1,1.844778763E1,2.285702180E1
1.960403437E1,1.980082397E0,1.137888748E1,1.807087143E1,2.144658949E1
1.961408137E1,1.031055908E0,1.050500473E1,1.746597931E1,2.040780816E1
1.962412837E1,2.944077759E0,1.005968079E1,1.670106995E1,1.971777139E1
1.963417537E1,8.907526703E0,9.337283020E0,1.771940231E1,2.192044946E1
1.964422137E1,1.734937180E1,8.037535858E0,2.125235550E1,2.858785229E1
1.965426837E1,2.517988815E1,6.775061188E0,2.471270966E1,3.592556527E1
1.966431537E1,3.227049316E1,5.958359528E0,2.568359070E1,4.167173633E1
1.967436237E1,3.954925690E1,6.205345917E0,2.389555893E1,4.662239564E1
1.968440937E1,4.615981018E1,7.438182220E0,2.213372269E1,5.172964634E1
1.969445537E1,4.940341507E1,7.055428162E0,2.197834579E1,5.453002999E1
1.970450237E1,4.829032974E1,6.174210663E0,2.275493088E1,5.373884724E1
1.971454937E1,4.298191864E1,5.578449554E0,2.248983215E1,4.882987794E1
1.972459637E1,3.636447968E1,4.505031738E0,2.118349869E1,4.232506715E1
1.973464237E1,3.002067169E1,3.575464783E0,1.949740494E1,3.597462267E1
1.974468937E1,2.447844681E1,2.687361603E0,1.657039169E1,2.968154564E1
1.975473637E1,2.008403503E1,1.701212311E0,1.240066269E1,2.366514360E1
1.976478337E1,1.693682968E1,1.097817078E0,8.338110809E0,1.890993109E1
1.977483037E1,1.499461853E1,7.920030212E-1,5.868097229E0,1.612142732E1
1.978487637E1,1.402089340E1,4.311035156E-1,5.137765961E0,1.493880655E1
1.979492337E1,1.392344604E1,-3.053649902E-2,4.813091125E0,1.473190851E1
1.980497038E1,1.410561722E1,-6.456074524E-1,4.434228973E0,1.480025786E1
1.981501737E1,1.428210022E1,-1.590143280E0,4.162993011E0,1.496119825E1
1.982506337E1,1.479643066E1,-2.764301605E0,3.784130859E0,1.552080443E1
1.983511037E1,1.528516434E1,-4.101021881E0,3.272045746E0,1.616047378E1
1.984515737E1,1.560115723E1,-5.465135193E0,2.516267395E0,1.672110675E1
1.985520437E1,1.590487564E1,-6.768025818E0,1.627116394E0,1.736141556E1
1.986525137E1,1.611099701E1,-7.966284027E0,6.590794373E-1,1.798500185E1
1.987529737E1,1.599962860E1,-9.097182312E0,-3.439846802E-1,1.840829071E1
1.988534437E1,1.564666260E1,-1.007240433E1,-9.912387085E-1,1.863475070E1
1.989539138E1,1.512993713E1,-1.078537170E1,-1.447639618E0,1.863692305E1
1.990543837E1,1.434182602E1,-1.126826752E1,-1.755100250E0,1.832326945E1
1.991548438E1,1.359607681E1,-1.110046646E1,-1.739532623E0,1.763801673E1
1.992553137E1,1.313009583E1,-1.043360321E1,-1.730102234E0,1.685979674E1
1.993557837E1,1.249317032E1,-9.621242523E0,-1.680555267E0,1.585786487E1
1.994562537E1,1.137349869E1,-8.978030090E0,-1.601968689E0,1.457833325E1
1.995567137E1,9.932744751E0,-8.887767792E0,-1.537153473E0,1.341695477E1
1.996571837E1,8.110733643E0,-9.435927887E0,-1.609752502E0,1.254639544E1
1.997576537E1,4.780908051E0,-9.798024902E0,-1.620230713E0,1.102195633E1
1.998581238E1,-5.882766724E-2,-9.615853729E0,-1.707050171E0,9.766377216E0
1.999585937E1,-5.875881042E0,-9.399254150E0,-2.056573334E0,1.127392791E1
2.000590538E1,-1.197734299E1,-9.401798859E0,-2.828967133E0,1.548720833E1
2.001595237E1,-1.756222916E1,-9.451345825E0,-3.449875946E0,2.024009572E1
2.002599937E1,-2.223371475E1,-9.230554962E0,-4.164639587E0,2.443123901E1
2.003604637E1,-2.547237991E1,-9.421258392E0,-5.479505310E0,2.770608645E1
2.004609237E1,-2.588387421E1,-1.022074585E1,-7.263495483E0,2.876103191E1
2.005613937E1,-2.338092911E1,-1.110929810E1,-8.867859192E0,2.736280828E1
2.006618637E1,-1.913695450E1,-1.175894714E1,-9.434730377E0,2.436206072E1
2.007623337E1,-1.391970383E1,-1.240530304E1,-8.839717712E0,2.063468699E1
2.008628037E1,-8.325686646E0,-1.312934738E1,-7.460934906E0,1.724419817E1
2.009632638E1,-2.583477631E0,-1.360146561E1,-5.383554840E0,1.485452409E1
2.010637337E1,2.704875183E0,-1.378782806E1,-3.140319672E0,1.439729697E1
2.011642037E1,7.003785553E0,-1.383108810E1,-9.493258667E-1,1.553232854E1
2.012646737E1,1.010907806E1,-1.378932495E1,1.018182678E0,1.712821175E1
2.013651337E1,1.230950226E1,-1.350596420E1,2.611768799E0,1.845958426E1
2.014656037E1,1.400367920E1,-1.291604095E1,3.927682343E0,1.945131959E1
2.015660737E1,1.535476959E1,-1.205832458E1,4.937781830E0,2.013836712E1
2.016665437E1,1.657548111E1,-1.063253952E1,5.583089905E0,2.046871671E1
2.017670037E1,1.855541382E1,-8.205486603E0,6.226751404E0,2.122276668E1
2.018674737E1,2.082349731E1,-4.912783813E0,7.197782135E0,2.257347011E1
2.019679437E1,2.255434799E1,-1.269959106E0,8.512647858E0,2.414076600E1
2.020684112E1,2.290521835E1,1.897603912E0,1.001657043E1,2.507152990E1
2.021688812E1,2.133393585E1,4.093088379E0,1.118563934E1,2.443376187E1
2.022693412E1,1.924622726E1,5.826783142E0,1.169188660E1,2.326088730E1
2.023698112E1,1.755848694E1,7.223678284E0,1.179307617E1,2.235080842E1
2.024702812E1,1.612851059E1,8.302185516E0,1.187211182E1,2.167953360E1
2.025707513E1,1.453896606E1,9.217532043E0,1.191716812E1,2.093712796E1
2.026712112E1,1.296049850E1,9.677076416E0,1.165147064E1,1.993431959E1
2.027716813E1,1.136242172E1,9.623637543E0,1.112621292E1,1.858794343E1
2.028721512E1,9.696835327E0,9.297615509E0,1.079570023E1,1.723430918E1
2.029726212E1,8.178542633E0,8.694669342E0,1.115585129E1,1.633826345E1
2.030730812E1,6.826404419E0,7.853568420E0,1.206341400E1,1.593123635E1
2.031735512E1,5.868995361E0,7.063960419E0,1.297651520E1,1.589762844E1
2.032740212E1,5.485193481E0,6.167025604E0,1.343067078E1,1.576396111E1
2.033744912E1,5.753884735E0,5.041366425E0,1.307650726E1,1.514983852E1
2.034749612E1,6.412515106E0,4.246669006E0,1.172242310E1,1.402033348E1
2.035754212E1,8.027207336E0,3.548969879E0,1.003917343E1,1.333477589E1
2.036758913E1,1.144415176E1,2.283501434E0,8.305029602E0,1.432328542E1
2.037763612E1,1.667292847E1,6.599775696E-1,8.449030151E0,1.870316082E1
2.038768312E1,2.326282471E1,-7.804769897E-1,1.174188263E1,2.606990536E1
2.039772912E1,3.094425110E1,-2.152224426E0,1.648207535E1,3.512602388E1
2.040777612E1,3.896636902E1,-1.969155121E0,1.954680222E1,4.363866363E1
2.041782312E1,4.476950134E1,-9.816586304E-1,1.911704590E1,4.869017712E1
2.042787012E1,4.665542953E1,-1.197210388E0,1.689880875E1,4.963599656E1
2.043791712E1,4.405862961E1,-2.011517029E0,1.530941391E1,4.668604929E1
2.044796312E1,3.758369431E1,-2.468965759E0,1.442774734E1,4.033348191E1
2.045801012E1,3.060939743E1,-2.610720978E0,1.451726120E1,3.397796268E1
2.046805712E1,2.476165787E1,-2.255060577E0,1.440439590E1,2.873519828E1
2.047810412E1,2.034015244E1,-1.321152649E0,1.273297165E1,2.403322310E1
2.048815012E1,1.723755432E1,-7.933502197E-2,1.004695724E1,1.995196539E1
2.049819712E1,1.534668640E1,1.200054474E0,7.330556030E0,1.704986704E1
2.050824412E1,1.439990524E1,2.348466339E0,5.194198608E0,1.548716450E1
2.051829112E1,1.412866928E1,3.186124420E0,3.845652924E0,1.498531718E1
2.052833712E1,1.446666641E1,4.103416901E0,2.769391022E0,1.529025814E1
2.053838412E1,1.507829453E1,4.831951904E0,2.061662750E0,1.596725331E1
2.054843112E1,1.571746536E1,4.955145721E0,1.963017883E0,1.659655464E1
2.055847812E1,1.649225418E1,4.602329407E0,1.974094849E0,1.723580385E1
2.056852512E1,1.711361206E1,3.679498444E0,1.821112976E0,1.759917268E1
2.057857112E1,1.748364258E1,2.179617462E0,1.663041687E0,1.769729351E1
2.058861812E1,1.776385986E1,5.471122742E-1,1.551074524E0,1.783983972E1
2.059866512E1,1.772718613E1,-1.417552185E0,1.333277435E0,1.783368192E1
2.060871212E1,1.760683640E1,-3.549718323E0,4.462220764E-1,1.796664415E1
2.061875812E1,1.776101578E1,-5.564977570E0,-8.322692871E-1,1.863103134E1
2.062880512E1,1.797911224E1,-7.570656738E0,-1.855990448E0,1.959612260E1
2.063885212E1,1.769305710E1,-9.837393036E0,-2.402503967E0,2.038603926E1
2.064889912E1,1.694027252E1,-1.183678528E1,-2.390678558E0,2.080378963E1
2.065894512E1,1.573243423E1,-1.333995941E1,-1.918710022E0,2.071582613E1
2.066899212E1,1.423330170E1,-1.425515625E1,-1.007405090E0,2.016956177E1
2.067903912E1,1.289179138E1,-1.474808121E1,-2.769241333E-2,1.958838817E1
2.068908612E1,1.157168655E1,-1.508413239E1,7.165599060E-1,1.902494251E1
2.069913312E1,9.588311005E0,-1.514505569E1,1.341510315E0,1.797520709E1
2.070917912E1,6.338269501E0,-1.473984833E1,1.544188843E0,1.611897355E1
2.071922612E1,1.724563751E0,-1.380683853E1,1.043629761E0,1.395321015E1
2.072927312E1,-4.577032013E0,-1.284299286E1,-7.842192078E-1,1.365674512E1
2.073932012E1,-1.170984924E1,-1.215711914E1,-3.592080231E0,1.725743769E1
2.074936612E1,-1.824361221E1,-1.195129715E1,-6.555018768E0,2.277347495E1
2.075941312E1,-2.327719482E1,-1.190698929E1,-8.672665100E0,2.754667517E1
2.076946012E1,-2.621079437E1,-1.152109177E1,-9.977501678E0,3.031982581E1
2.077950713E1,-2.661510361E1,-1.125614273E1,-1.073118439E1,3.082568422E1
2.078955312E1,-2.298006271E1,-1.125255020E1,-1.022808060E1,2.755570360E1
2.079960012E1,-1.668520294E1,-1.155117920E1,-8.480315094E0,2.199412381E1
2.080964712E1,-9.617649994E0,-1.152663025E1,-6.513255615E0,1.636413441E1
2.081969412E1,-8.562194824E-1,-1.050111282E1,-3.777843933E0,1.119279175E1
2.082974112E1,7.818541260E0,-9.013656006E0,-4.689747620E-1,1.194133658E1
2.083978712E1,1.455168961E1,-7.049739990E0,2.722388763E0,1.639700902E1
2.084983412E1,1.810485077E1,-5.307063904E0,5.017715607E0,1.952250032E1
2.085988112E1,1.781640060E1,-4.021836548E0,5.859564972E0,1.918160059E1
2.086992813E1,1.553783890E1,-3.328328705E0,5.737418976E0,1.689438327E1
2.087997412E1,1.363933685E1,-3.047063599E0,5.981860657E0,1.520193288E1
2.089002113E1,1.274464737E1,-2.921025696E0,6.949897614E0,1.480741384E1
2.090006812E1,1.272159531E1,-2.454745331E0,8.314160614E0,1.539448046E1
2.091011512E1,1.316287766E1,-1.548829193E0,1.016072067E1,1.670031331E1
2.092016112E1,1.355655899E1,-4.813989258E-1,1.237641312E1,1.836266969E1
2.093020812E1,1.365700012E1,6.656657410E-1,1.422432037E1,1.973038401E1
2.094025512E1,1.325119400E1,1.957180023E0,1.507814484E1,2.016866748E1
2.095030212E1,1.261037659E1,3.568279724E0,1.503877670E1,1.994790772E1
2.096034812E1,1.161404846E1,4.852908325E0,1.458117828E1,1.926259591E1
2.097039512E1,1.049961594E1,5.635331268E0,1.383917130E1,1.826257253E1
2.098044213E1,9.387428741E0,6.119723969E0,1.290226959E1,1.708927735E1
2.099048912E1,8.146808624E0,6.445446625E0,1.236473740E1,1.614933447E1
2.100053612E1,7.017856293E0,6.540648651E0,1.202404587E1,1.538206978E1
2.101058212E1,6.430328064E0,6.571035461E0,1.150926636E1,1.473060889E1
2.102062912E1,6.317163391E0,6.604715424E0,1.099224152E1,1.429539061E1
2.103067612E1,6.459966431E0,6.515650635E0,1.074824890E1,1.413186909E1
2.104072312E1,6.459517365E0,6.233637085E0,1.080992065E1,1.405126259E1
2.105076912E1,6.331533508E0,5.739514618E0,1.098760117E1,1.391968836E1
2.106081612E1,6.134543152E0,4.965025177E0,1.063717987E1,1.324513836E1
2.107086313E1,6.320456543E0,4.451443176E0,9.880653076E0,1.254554991E1
2.108091012E1,7.864944763E0,3.903133392E0,8.787476349E0,1.242221989E1
2.109095613E1,1.195384186E1,2.415227509E0,7.735913086E0,1.444202238E1
2.110100312E1,1.876916931E1,3.038681030E-1,9.243577881E0,2.092409579E1
2.111105012E1,2.623968430E1,-1.439556427E0,1.364233063E1,2.960923065E1
2.112109712E1,3.286326050E1,-2.524200897E0,1.947764603E1,3.828503853E1
2.113114312E1,3.795881424E1,-3.666026459E0,2.530023788E1,4.576476118E1
2.114119012E1,3.996868469E1,-4.952601013E0,2.896087555E1,4.960601098E1
2.115123712E1,3.711606674E1,-5.963299255E0,2.956157639E1,4.782311310E1
2.116128412E1,3.145229462E1,-6.550079041E0,2.764361481E1,4.238301324E1
2.117133112E1,2.672123291E1,-6.375991058E0,2.457260101E1,3.685770300E1
2.118137713E1,2.351969055E1,-5.556595001E0,2.097243759E1,3.199835512E1
2.119142412E1,2.091121490E1,-4.467759247E0,1.707843521E1,2.736626995E1
2.120147071E1,1.824600723E1,-3.346291351E0,1.300480637E1,2.265478833E1
2.121151771E1,1.538276138E1,-2.411934357E0,9.446106720E0,1.821196605E1
2.122156371E1,1.259121643E1,-1.837129669E0,6.604715424E0,1.433652826E1
2.123161071E1,1.035142410E1,-1.406774597E0,4.092339935E0,1.121954731E1
2.124165771E1,8.875493317E0,-8.916957092E-1,1.786235504E0,9.097260034E0
2.125170471E1,8.214617615E0,-3.370989990E-1,-1.231938171E-1,8.222454318E0
2.126175071E1,7.978109436E0,2.911445618E-1,-1.432071991E0,8.110846165E0
2.127179771E1,7.638765106E0,6.968009949E-1,-1.984573059E0,7.923054600E0
2.128184471E1,7.115603027E0,7.797285461E-1,-1.647324371E0,7.345301943E0
2.129189171E1,6.764283600E0,6.870712280E-1,-1.036594391E0,6.877654209E0
2.130193771E1,6.824159088E0,5.460644531E-1,-4.508624268E-1,6.860802473E0
2.131198471E1,7.448810120E0,2.686912537E-1,3.341052246E-1,7.461138887E0
2.132203171E1,8.223449249E0,-1.857637024E-1,1.061742096E0,8.293788157E0
2.133207871E1,8.932375031E0,-8.390052795E-1,1.458866272E0,9.089529380E0
2.134212571E1,9.539811859E0,-1.624122620E0,1.520987091E0,9.795875985E0
2.135217171E1,9.843081207E0,-2.434836731E0,1.251697083E0,1.021672272E1
2.136221871E1,9.906549225E0,-3.309168549E0,6.671626282E-1,1.046591706E1
2.137226571E1,9.795929260E0,-4.097728729E0,-2.233355713E-1,1.062080456E1
2.138231271E1,9.413624268E0,-4.752018127E0,-1.203497314E0,1.061350102E1
2.139235871E1,8.860075378E0,-5.330565033E0,-2.149380341E0,1.056104612E1
2.140240571E1,8.251740417E0,-5.711073761E0,-3.081042938E0,1.049763826E1
2.141245271E1,7.513176270E0,-5.724695435E0,-3.746708679E0,1.016158361E1
2.142249971E1,6.879992981E0,-5.385949860E0,-4.192631378E0,9.691280472E0
2.143254571E1,6.580316162E0,-5.046455841E0,-4.666545868E0,9.515457303E0
2.144259271E1,6.101162567E0,-4.474046173E0,-5.222789154E0,9.193410704E0
2.145263971E1,4.596042480E0,-3.141068115E0,-6.395450592E0,8.478897550E0
2.146268671E1,1.959575043E0,-1.174607391E0,-8.166866913E0,8.480409898E0
2.147273271E1,-5.935157776E-1,9.924362183E-1,-9.914931793E0,9.982137201E0
2.148277971E1,-1.466500397E0,1.682650909E0,-1.065813629E1,1.088934372E1
2.149282671E1,-1.032253418E0,1.407223663E0,-9.422904968E0,9.583160418E0
2.150287371E1,5.992039490E-1,8.446934509E-1,-5.126539307E0,5.230101114E0
2.151292071E1,3.363355865E0,-8.484356689E-1,2.011517029E0,4.009763898E0
2.152296671E1,6.433770905E0,-2.833008728E0,1.209380081E1,1.398854405E1
2.153301371E1,8.745563507E0,-3.763922882E0,2.403432037E1,2.585150967E1
2.154306071E1,9.275461578E0,-2.885399780E0,3.328628082E1,3.467472005E1
2.155310771E1,7.580236816E0,-4.816983032E-1,3.505006302E1,3.586361584E1
2.156315371E1,5.725743256E0,2.301314392E0,3.135260193E1,3.195412073E1
2.157320071E1,5.121599579E0,5.207969971E0,2.635030426E1,2.734396219E1
2.158324771E1,5.913602600E0,7.859855347E0,2.173734695E1,2.385917590E1
2.159329471E1,6.745123444E0,9.735005951E0,1.849613708E1,2.196301706E1
2.160334071E1,6.659202118E0,1.015772690E1,1.615216141E1,2.020932227E1
2.161338771E1,6.068231049E0,9.971963196E0,1.406864410E1,1.828087047E1
2.162343471E1,5.124892731E0,9.613907776E0,1.155926239E1,1.588421529E1
2.163348171E1,4.101470947E0,9.040899353E0,8.814420319E0,1.327606608E1
2.164352771E1,3.184926910E0,8.361162872E0,6.347999268E0,1.097041014E1
2.165357471E1,2.330054626E0,7.794141998E0,4.313579865E0,9.207864861E0
2.166362171E1,1.416654053E0,7.169191589E0,2.893033905E0,7.859634974E0
2.167366871E1,5.312452698E-1,6.381978607E0,2.056124268E0,6.726032968E0
2.168371471E1,-2.143542480E-1,5.533992004E0,1.751208344E0,5.808420259E0
2.169376171E1,-8.062234497E-1,4.604425049E0,1.942660217E0,5.062080106E0
2.170380871E1,-1.268611908E0,3.676354980E0,2.457290039E0,4.600351775E0
2.171385571E1,-1.747915192E0,2.791694641E0,3.283871155E0,4.651083341E0
2.172390171E1,-2.192341003E0,2.016307068E0,4.112847290E0,5.078126239E0
2.173394871E1,-2.634820862E0,1.326691132E0,4.816833344E0,5.648386831E0
2.174399571E1,-2.908002777E0,8.975335693E-1,5.350623322E0,6.155584179E0
2.175404271E1,-3.148253174E0,7.966433716E-1,5.898484039E0,6.733368598E0
2.176408971E1,-3.539838867E0,9.253756714E-1,6.283932495E0,7.271491384E0
2.177413571E1,-4.139342194E0,1.479373627E0,6.099965057E0,7.518794706E0
2.178418271E1,-4.983885956E0,2.359692993E0,5.643264771E0,7.890101870E0
2.179422971E1,-5.823639679E0,3.316652985E0,4.764591980E0,8.222913283E0
2.180427671E1,-6.111640778E0,4.176614685E0,2.946023712E0,7.967139947E0
2.181432271E1,-6.064039764E0,4.736001434E0,1.359922028E0,7.813557178E0
2.182436971E1,-6.017935638E0,4.847519531E0,2.121538239E0,8.013421208E0
2.183441671E1,-5.092110901E0,4.717589722E0,5.074447632E0,8.598561797E0
2.184446371E1,-2.811004486E0,3.772305450E0,8.507408752E0,9.721524485E0
2.185450971E1,-6.270460510E-1,2.478396149E0,1.175370804E1,1.202851973E1
2.186455671E1,8.493338013E-1,1.724114685E0,1.453597229E1,1.466248375E1
2.187460371E1,1.412163391E0,1.333127747E0,1.648132690E1,1.659534789E1
2.188465071E1,1.306483154E0,8.102650452E-1,1.701541626E1,1.708472470E1
2.189469671E1,7.036866760E-1,7.423063660E-1,1.602223160E1,1.605484659E1
2.190474371E1,-1.038839722E-1,1.119072876E0,1.465287918E1,1.469591727E1
2.191479071E1,-8.472381592E-1,1.461410980E0,1.340282867E1,1.350886194E1
2.192483771E1,-1.643133087E0,1.855092316E0,1.181343384E1,1.207056224E1
2.193488371E1,-1.577719116E0,1.982926483E0,1.026340714E1,1.057159974E1
2.194493071E1,-1.364263000E0,1.933978271E0,9.936936035E0,1.021490006E1
2.195497771E1,-1.119372253E0,2.032922516E0,1.003872437E1,1.030348267E1
2.196502471E1,-8.695417786E-1,2.091450806E0,1.010862900E1,1.035927843E1
2.197507071E1,-8.095166016E-1,2.116149445E0,1.041668839E1,1.066024402E1
2.198511771E1,-5.842350769E-1,1.944007416E0,1.062685135E1,1.081898632E1
2.199516471E1,-4.623884583E-1,1.783241730E0,1.087638245E1,1.103129409E1
2.200521171E1,2.380050659E-1,2.118993530E0,1.021879990E1,1.043890087E1
2.201525771E1,7.842192078E-1,2.301464081E0,9.993967438E0,1.028548112E1
2.202530471E1,9.521699524E-1,2.361638947E0,9.940977631E0,1.026192001E1
2.203535171E1,1.155746613E0,2.693049774E0,1.038495438E1,1.079053033E1
2.204539871E1,1.570983124E0,2.999163208E0,1.028675858E1,1.082960618E1
2.205544471E1,1.865420837E0,3.201692047E0,9.775571594E0,1.045430184E1
2.206549171E1,1.882335663E0,3.352578278E0,9.049581299E0,9.832491563E0
2.207553871E1,1.707798615E0,3.373684387E0,7.949967957E0,8.803426206E0
2.208558571E1,1.654808807E0,3.231031036E0,7.142546997E0,8.012111541E0
2.209563171E1,2.025587769E0,3.054098969E0,7.104076996E0,7.993649747E0
2.210567871E1,2.355202332E0,2.929108887E0,7.534432068E0,8.419876690E0
2.211572571E1,2.287842407E0,2.981949005E0,7.966882782E0,8.808942275E0
2.212577271E1,2.027533722E0,3.244053955E0,8.491392059E0,9.313351607E0
2.213581871E1,1.819765778E0,3.518433380E0,8.891959076E0,9.734364753E0
2.214586571E1,1.857637024E0,3.663781128E0,8.962911530E0,9.859406197E0
2.215591271E1,2.071841583E0,3.692521362E0,8.945697327E0,9.897107770E0
2.216595971E1,2.413431244E0,3.688779144E0,8.918903046E0,9.948797590E0
2.217600571E1,2.488425293E0,3.651356964E0,8.933123474E0,9.966211072E0
2.218605271E1,2.531086578E0,3.744313660E0,9.005722504E0,1.007617595E1
2.219609971E1,2.505340118E0,3.882925415E0,9.453441467E0,1.052242341E1
2.220614838E1,2.618355103E0,4.022734680E0,9.916428680E0,1.101697488E1
2.221619537E1,2.810854797E0,4.002975769E0,1.010249176E1,1.122430664E1
2.222624137E1,2.846331024E0,3.916006622E0,9.815388794E0,1.094433942E1
2.223628837E1,2.655627594E0,4.142186279E0,9.247469788E0,1.047500657E1
2.224633537E1,2.357597351E0,4.570146332E0,8.912915497E0,1.029002262E1
2.225638237E1,2.259251862E0,4.704267426E0,9.070537720E0,1.046465506E1
2.226642837E1,2.374661865E0,4.558919678E0,9.583371277E0,1.087491483E1
2.227647537E1,2.714604950E0,4.344116364E0,1.028391449E1,1.148909588E1
2.228652237E1,3.071762238E0,4.096680908E0,1.087204147E1,1.201747908E1
2.229656938E1,3.114124146E0,3.804787903E0,1.126467499E1,1.229093498E1
2.230661537E1,2.996169434E0,3.608695679E0,1.133877090E1,1.227059254E1
2.231666238E1,2.618055725E0,3.525618439E0,1.079061081E1,1.164995634E1
2.232670937E1,1.988165588E0,3.579805756E0,9.674232330E0,1.050516934E1
2.233675637E1,1.431473236E0,3.780538330E0,8.581953735E0,9.486385803E0
2.234680237E1,1.152453461E0,3.883075104E0,7.916287994E0,8.892358340E0
2.235684937E1,1.252146149E0,3.894601135E0,7.744145966E0,8.758286631E0
2.236689637E1,1.631157990E0,3.977528687E0,8.001011810E0,9.082818991E0
2.237694337E1,2.115550690E0,3.970044250E0,8.577762451E0,9.685804806E0
2.238698937E1,2.574047241E0,3.889362030E0,9.089099121E0,1.021589835E1
2.239703637E1,2.773282928E0,3.887865143E0,9.326505432E0,1.047808652E1
2.240708338E1,2.792892151E0,3.958518219E0,9.298214264E0,1.048460307E1
2.241713037E1,2.686014404E0,4.055965576E0,8.930129700E0,1.016920580E1
2.242717638E1,2.539020081E0,4.104464722E0,8.538244629E0,9.807898601E0
2.243722337E1,2.343376923E0,4.060905304E0,8.163124695E0,9.413765032E0
2.244727037E1,1.976639557E0,3.921245728E0,7.840246124E0,8.986252349E0
2.245731737E1,1.542093201E0,3.830983429E0,7.733368378E0,8.766953401E0
2.246736337E1,1.405277710E0,3.824995880E0,7.567812653E0,8.595183958E0
2.247741037E1,1.080602875E0,3.731440430E0,7.721093903E0,8.643300371E0
2.248745737E1,6.221063232E-1,3.761228485E0,7.879015503E0,8.752870460E0
2.249750438E1,5.903723145E-1,3.834875336E0,7.963140564E0,8.858127113E0
2.250755037E1,7.780819702E-1,3.760629730E0,7.934400330E0,8.814899665E0
2.251759738E1,8.946894836E-1,3.785478058E0,7.710615692E0,8.636197528E0
2.252764437E1,9.249266052E-1,4.042792969E0,7.548502808E0,8.612755590E0
2.253769137E1,8.235873413E-1,4.229005737E0,7.438631287E0,8.596279489E0
2.254773737E1,7.006929016E-1,4.258195038E0,7.366481323E0,8.537461134E0
2.255778437E1,5.954617310E-1,4.230203247E0,7.416327667E0,8.558686246E0
2.256783137E1,4.915777588E-1,4.203558655E0,7.423213348E0,8.544919571E0
2.257787837E1,4.324507141E-1,4.233197021E0,7.403753815E0,8.539469608E0
2.258792437E1,4.046086121E-1,4.280199280E0,7.339537354E0,8.506034480E0
2.259797137E1,3.546125793E-1,4.388723602E0,7.261699219E0,8.492285940E0
2.260801838E1,3.598516846E-1,4.483027496E0,7.322921906E0,8.593731087E0
2.261806537E1,5.399272156E-1,4.483326874E0,7.599097595E0,8.839571569E0
2.262811138E1,7.119195557E-1,4.429139557E0,7.892188110E0,9.078036122E0
2.263815837E1,7.342231750E-1,4.388424225E0,8.139324188E0,9.276095574E0
2.264820537E1,7.259902954E-1,4.358486481E0,8.392447815E0,9.484547782E0
2.265825237E1,7.457492065E-1,4.241130524E0,8.676257629E0,9.686112556E0
2.266829837E1,7.397616577E-1,4.107458496E0,8.840466156E0,9.776108861E0
2.267834537E1,6.050418091E-1,4.019591217E0,8.914711761E0,9.797717843E0
2.268839237E1,4.613406372E-1,3.982917480E0,9.012009430E0,9.863710296E0
2.269843937E1,4.224215698E-1,4.063899078E0,9.158854065E0,1.002887449E1
2.270848537E1,4.442761230E-1,4.297563171E0,9.089248810E0,1.006383994E1
2.271853238E1,3.144960022E-1,4.530029755E0,8.704249420E0,9.817537129E0
2.272857937E1,3.044668579E-1,4.799170074E0,8.064928894E0,9.389771645E0
2.273862637E1,5.153782654E-1,5.076692963E0,7.715705109E0,9.250434126E0
2.274867237E1,9.297166443E-1,5.085674286E0,7.954608307E0,9.487056935E0
2.275871937E1,1.364861755E0,4.859045563E0,8.703051910E0,1.006063040E1
2.276876637E1,1.661245422E0,4.484075317E0,9.662556610E0,1.078107917E1
2.277881237E1,1.933678894E0,3.975882111E0,1.043749512E1,1.133525725E1
2.278885937E1,2.481838989E0,3.625909882E0,1.063822769E1,1.150993639E1
2.279890637E1,2.038610687E0,3.182531891E0,1.104253693E1,1.167142084E1
2.280895337E1,1.362616425E0,2.984344025E0,1.098790054E1,1.146721375E1
2.281899937E1,1.088686066E0,3.142864380E0,1.035232224E1,1.087351873E1
2.282904638E1,8.765771484E-1,3.226690063E0,9.525591431E0,1.009538550E1
2.283909337E1,6.538403320E-1,3.302282867E0,8.744216309E0,9.369839815E0
2.284914037E1,4.023632813E-1,3.417243805E0,8.253237305E0,8.941777085E0
2.285918637E1,1.432521057E-1,3.505260773E0,8.186775513E0,8.906776496E0
2.286923337E1,2.320175171E-2,3.610941010E0,8.141120453E0,8.906024676E0
2.287928037E1,-3.861968994E-2,3.783981171E0,8.005502472E0,8.854833415E0
2.288932737E1,-6.601272583E-2,3.922443237E0,7.889344025E0,8.810883484E0
2.289937337E1,-2.694396973E-2,3.975882111E0,7.783514099E0,8.740220607E0
2.290942037E1,3.427871704E-2,4.056115265E0,7.666607208E0,8.673529395E0
2.291946737E1,2.594105530E-1,4.226461029E0,7.786058807E0,8.863011814E0
2.292951437E1,4.710704041E-1,4.290378113E0,7.946525116E0,9.043036719E0
2.293956038E1,6.295907593E-1,4.277055817E0,8.150101776E0,9.225711352E0
2.294960737E1,8.065228271E-1,4.229454803E0,8.442892914E0,9.477405117E0
2.295965437E1,9.394464111E-1,4.066294098E0,8.934919739E0,9.861546430E0
2.296970137E1,1.059796143E0,3.744163971E0,9.511820068E0,1.027699629E1
2.297974737E1,1.155147858E0,3.531755676E0,1.013467484E1,1.079441053E1
2.298979437E1,1.207688599E0,3.297792206E0,1.078492264E1,1.134233228E1
2.299984137E1,1.288969574E0,3.081791382E0,1.127350662E1,1.175801141E1
2.300988837E1,1.382225647E0,3.009940796E0,1.145747406E1,1.192660904E1
2.301993437E1,1.409319305E0,3.055595856E0,1.114791779E1,1.164469484E1
2.302998137E1,1.394500122E0,3.269950104E0,1.064032333E1,1.121845288E1
2.304002837E1,1.381028137E0,3.498375092E0,1.003797592E1,1.071946023E1
2.305007537E1,1.353934479E0,3.708538055E0,9.372310181E0,1.016988649E1
2.306012137E1,1.274898834E0,3.938310242E0,8.799451447E0,9.724505147E0
2.307016837E1,1.205143890E0,4.156855774E0,8.341553650E0,9.397517705E0
2.308021537E1,1.118923187E0,4.353846130E0,7.954159241E0,9.136553751E0
2.309026237E1,1.090182953E0,4.424648895E0,7.798482971E0,9.032295022E0
2.310030837E1,1.196761322E0,4.466561737E0,7.800877991E0,9.068412697E0
2.311035537E1,1.397942963E0,4.520150299E0,7.967182159E0,9.266174767E0
2.312040237E1,1.682950287E0,4.552782440E0,8.460556183E0,9.754033040E0
2.313044837E1,2.036814423E0,4.558620300E0,8.950936432E0,1.024933632E1
2.314049537E1,2.184706879E0,4.497247925E0,9.150621185E0,1.042746619E1
2.315054237E1,2.109712830E0,4.467010803E0,9.044641571E0,1.030585343E1
2.316058937E1,1.923050995E0,4.446952515E0,8.873846741E0,1.011032481E1
2.317063537E1,1.798060913E0,4.362677765E0,8.699908447E0,9.897190880E0
2.318068237E1,1.654509430E0,4.237388306E0,8.600365448E0,9.729293240E0
2.319072937E1,1.531465302E0,4.105811920E0,8.665180664E0,9.710223140E0
2.320077463E1,1.489103394E0,3.927083588E0,9.011859741E0,9.942486129E0
2.321082062E1,1.573677521E0,3.775897980E0,9.429491272E0,1.027857831E1
2.322086763E1,1.729653168E0,3.711082764E0,9.931846619E0,1.074269113E1
2.323091462E1,1.933080139E0,3.632645874E0,1.032462982E1,1.111444537E1
2.324096162E1,1.976340179E0,3.602408752E0,1.029978149E1,1.108912838E1
2.325100762E1,1.907333679E0,3.714076538E0,9.885592804E0,1.073113374E1
2.326105462E1,1.794618073E0,3.848047943E0,9.413175201E0,1.032647057E1
2.327110162E1,1.637145538E0,3.862717438E0,8.999136200E0,9.929012230E0
2.328114862E1,1.514400787E0,3.930376740E0,8.717422028E0,9.681669167E0
2.329119462E1,1.368454285E0,3.990551605E0,8.553063812E0,9.536879459E0
2.330124162E1,1.286424866E0,4.033362579E0,8.432863770E0,9.435893916E0
2.331128863E1,1.346450043E0,4.035607910E0,8.431965637E0,9.444421816E0
2.332133562E1,1.510508881E0,3.963907013E0,8.559350739E0,9.552836278E0
2.333138163E1,1.645677795E0,3.910168762E0,8.661887512E0,9.644997171E0
2.334142862E1,1.602268066E0,3.937262421E0,8.595575409E0,9.589223896E0
2.335147562E1,1.464853821E0,3.976031799E0,8.411308594E0,9.418319269E0
2.336152162E1,1.329684906E0,3.995191956E0,8.255782013E0,9.267554012E0
2.337156862E1,1.275048523E0,3.932173004E0,8.147856445E0,9.136481704E0
2.338161562E1,1.190025330E0,3.998185730E0,7.973469086E0,8.998769842E0
2.339166262E1,1.205742645E0,4.173770599E0,7.912246399E0,9.026506490E0
2.340170862E1,1.392105103E0,4.282893677E0,7.893385620E0,9.087720914E0
2.341175562E1,1.478924561E0,4.317471771E0,7.849826202E0,9.080063423E0
2.342180263E1,1.602417755E0,4.342320099E0,7.939789124E0,9.190415542E0
2.343184962E1,1.846709747E0,4.405788116E0,8.170908508E0,9.464938017E0
2.344189563E1,2.139650574E0,4.464765472E0,8.422984314E0,9.770307060E0
2.345194262E1,2.357297974E0,4.431085510E0,8.664282532E0,1.001304970E1
2.346198962E1,2.429447937E0,4.430636444E0,8.812773743E0,1.015862873E1
2.347203662E1,2.438578949E0,4.421804810E0,8.892258453E0,1.022601024E1
2.348208262E1,2.432890778E0,4.313879242E0,8.831634521E0,1.012552616E1
2.349212962E1,2.368824005E0,4.266876984E0,8.647816772E0,9.929869148E0
2.350217662E1,2.251168671E0,4.371659088E0,8.431217194E0,9.760357931E0
2.351222362E1,2.236349487E0,4.433031464E0,8.343948669E0,9.709505980E0
2.352226962E1,2.356549530E0,4.481829987E0,8.348289642E0,9.763916513E0
2.353231663E1,2.447859650E0,4.481380920E0,8.475075989E0,9.894529035E0
2.354236362E1,2.501897278E0,4.373305664E0,8.734486542E0,1.008347894E1
2.355240963E1,2.468067627E0,4.285139008E0,8.872050476E0,1.015711838E1
2.356245662E1,2.353855133E0,4.218377838E0,8.778195648E0,1.001958404E1
2.357250362E1,2.240091705E0,4.188140717E0,8.610993347E0,9.834009352E0
2.358255062E1,2.160008240E0,4.162244568E0,8.458161163E0,9.671111917E0
2.359259662E1,2.109862518E0,4.122427368E0,8.366401978E0,9.562562904E0
2.360264362E1,2.039209442E0,4.125570831E0,8.335566101E0,9.521574033E0
2.361269062E1,1.982926483E0,4.104614410E0,8.386909332E0,9.545685153E0
2.362273762E1,1.986219635E0,4.048181763E0,8.488248596E0,9.611618399E0
2.363278362E1,2.077080688E0,4.061204681E0,8.590336304E0,9.726331552E0
2.364283063E1,2.169139252E0,4.118834839E0,8.644822998E0,9.818499386E0
2.365287762E1,2.248623962E0,4.146676941E0,8.565038910E0,9.778094441E0
2.366292462E1,2.212099915E0,4.171824646E0,8.360264740E0,9.601642226E0
2.367297062E1,2.098935242E0,4.204456787E0,8.062084808E0,9.331677099E0
2.368301762E1,2.050286407E0,4.263883209E0,7.878117371E0,9.189619561E0
2.369306462E1,2.071093140E0,4.304149475E0,7.775580597E0,9.125501801E0
2.370311062E1,2.141446838E0,4.334236908E0,7.834258575E0,9.205814009E0
2.371315762E1,2.245630188E0,4.252656555E0,8.043673096E0,9.371692461E0
2.372320462E1,2.298470306E0,4.171674957E0,8.277486877E0,9.550006634E0
2.373325162E1,2.295775909E0,4.110601959E0,8.492140503E0,9.709999270E0
2.374329762E1,2.246977386E0,4.039948883E0,8.707093506E0,9.858172836E0
2.375334463E1,2.334694977E0,4.052971802E0,8.926836548E0,1.007798550E1
2.376339162E1,2.604583740E0,4.160148926E0,9.106013947E0,1.034457276E1
2.377343862E1,2.905009003E0,4.352947998E0,9.281898193E0,1.065555572E1
2.378348462E1,3.096011810E0,4.573289795E0,9.446106720E0,1.094208394E1
2.379353162E1,3.202889557E0,4.912035370E0,9.560917969E0,1.121595941E1
2.380357862E1,3.535647583E0,5.405259705E0,9.824968872E0,1.175787607E1
2.381362462E1,4.457730103E0,6.255491638E0,1.052626053E1,1.303091302E1
2.382367162E1,6.004763031E0,7.124284973E0,1.150881729E1,1.480761598E1
2.383371862E1,7.720495148E0,8.283175049E0,1.324041641E1,1.742198786E1
2.384376562E1,9.917326813E0,9.633067932E0,1.501737122E1,2.041251594E1
2.385381162E1,1.176373718E1,1.059975769E1,1.652668259E1,2.288824180E1
2.386385863E1,1.286978714E1,1.090826614E1,1.737481888E1,2.421788641E1
2.387390562E1,1.318997131E1,1.073612411E1,1.760249542E1,2.447626502E1
2.388395262E1,1.275871811E1,1.026101212E1,1.703816895E1,2.362990602E1
2.389399862E1,1.192914322E1,9.710906067E0,1.617431534E1,2.232072201E1
2.390404562E1,1.091754684E1,9.009165344E0,1.503069351E1,2.064654055E1
2.391409262E1,9.799072723E0,8.133935394E0,1.392314667E1,1.886893596E1
2.392413962E1,8.869655457E0,7.202272797E0,1.315404602E1,1.742333057E1
2.393418562E1,7.816894684E0,5.932313690E0,1.247430954E1,1.587150235E1
2.394423262E1,6.537505188E0,4.472698975E0,1.147438889E1,1.394294124E1
2.395427962E1,5.157674561E0,3.235970764E0,1.037372772E1,1.202860509E1
2.396432562E1,3.701502686E0,1.890418854E0,9.567803650E0,1.043157094E1
2.397437263E1,2.222578125E0,3.333567810E-1,9.094787292E0,9.368358243E0
2.398441962E1,5.530998230E-1,-1.004860382E0,8.098459167E0,8.179285096E0
2.399446662E1,-1.092727661E0,-2.117945709E0,6.937623138E0,7.335554688E0
2.400451262E1,-2.768792267E0,-3.307072906E0,5.787115631E0,7.217593030E0
2.401455962E1,-4.625830536E0,-4.167633362E0,4.536166992E0,7.703524321E0
2.402460662E1,-6.517895966E0,-4.725223846E0,3.135529633E0,8.639574891E0
2.403465362E1,-8.343649292E0,-5.373825073E0,1.756297760E0,1.007864382E1
2.404469962E1,-1.016131943E1,-6.063291321E0,3.405418396E-1,1.183773132E1
2.405474662E1,-1.201970490E1,-6.540199585E0,-1.058299255E0,1.372470450E1
2.406479362E1,-1.370969055E1,-6.661148071E0,-2.348316650E0,1.542209777E1
2.407483962E1,-1.515508484E1,-6.841373291E0,-3.640878754E0,1.702166217E1
2.408488663E1,-1.607492203E1,-6.826853485E0,-5.187761993E0,1.821872447E1
2.409493362E1,-1.621682693E1,-6.289321289E0,-6.582411804E0,1.859755853E1
2.410498062E1,-1.562989746E1,-6.015989685E0,-6.835984497E0,1.808912686E1
2.411502662E1,-1.451681213E1,-6.064189453E0,-6.254593506E0,1.693021465E1
2.412507362E1,-1.293505142E1,-5.916746063E0,-5.156626740E0,1.512991205E1
2.413512062E1,-1.152109177E1,-5.847739563E0,-3.932921448E0,1.350553533E1
2.414516762E1,-9.695488129E0,-5.909411316E0,-2.417173462E0,1.160889141E1
2.415521362E1,-7.573800201E0,-5.859115906E0,-6.298901367E-1,9.596272728E0
2.416526062E1,-5.113965454E0,-5.427862701E0,1.459015961E0,7.598885691E0
2.417530762E1,-2.168241119E0,-4.456831970E0,3.643573151E0,6.151442600E0
2.418535362E1,9.711804199E-1,-3.013084259E0,5.675298157E0,6.498528859E0
2.419540063E1,4.152065735E0,-1.204694824E0,7.539671173E0,8.691235866E0
2.420544762E1,7.552694092E0,1.170715485E0,9.379046173E0,1.209877142E1
2.421549462E1,1.084554657E1,3.953877869E0,1.089015381E1,1.586992377E1
2.422554062E1,1.328921494E1,6.693630524E0,1.140598114E1,1.874844871E1
2.423558762E1,1.446112793E1,9.070088654E0,1.148696274E1,2.057525315E1
2.424563462E1,1.500868927E1,1.093640762E1,1.191881470E1,2.206635242E1
2.425568162E1,1.491992386E1,1.199904785E1,1.239512421E1,2.280834017E1
2.426572762E1,1.372600662E1,1.216744766E1,1.246712448E1,2.217835055E1
2.427577462E1,1.229647934E1,1.179172897E1,1.204081100E1,2.086215248E1
2.428582162E1,1.048898804E1,1.106888214E1,1.152573212E1,1.911495547E1
2.429586762E1,8.825946350E0,1.032747391E1,1.094793365E1,1.744738655E1
2.430591463E1,7.455246735E0,9.606573029E0,1.100346817E1,1.639948966E1
2.431596162E1,6.175258484E0,8.880433044E0,1.159174484E1,1.585447750E1
2.432600862E1,5.181624756E0,8.184979248E0,1.221894058E1,1.559312763E1
2.433605462E1,4.629572754E0,7.820337524E0,1.262055542E1,1.555213947E1
2.434610162E1,4.772974548E0,7.735613708E0,1.263687149E1,1.556635881E1
2.435614862E1,4.687502289E0,7.247778168E0,1.267384460E1,1.533392654E1
2.436619462E1,3.817062378E0,6.618187408E0,1.225426712E1,1.444082520E1
2.437624162E1,2.652484131E0,6.175408173E0,1.154534134E1,1.335912590E1
2.438628862E1,1.774110718E0,5.619015198E0,1.076516373E1,1.227230829E1
2.439633562E1,1.152902527E0,5.255870361E0,9.749675446E0,1.113595657E1
2.440638162E1,9.141490173E-1,4.981940002E0,8.755143585E0,1.011473845E1
2.441642863E1,3.802093506E-1,4.941074982E0,8.416697388E0,9.767270655E0
2.442647562E1,7.828720093E-2,4.969515839E0,7.920329590E0,9.350606257E0
2.443652262E1,1.618135071E-1,4.739593964E0,7.522606659E0,8.892668075E0
2.444656862E1,1.371148682E-1,4.698878632E0,7.575746155E0,8.915727154E0
2.445661562E1,2.046244812E-1,4.745132446E0,7.885452118E0,9.205352151E0
2.446666262E1,3.432362366E-1,4.650379486E0,8.171656952E0,9.408497107E0
2.447670862E1,3.146456909E-1,4.448599091E0,8.380772095E0,9.493491280E0
2.448675562E1,1.118174744E-1,4.326752472E0,8.409212952E0,9.457703345E0
2.449680262E1,-1.646575928E-2,4.299509125E0,8.263715515E0,9.315312338E0
2.450684962E1,-2.454895020E-2,4.302353210E0,7.940537567E0,9.031222656E0
2.451689562E1,1.152603149E-1,4.571942596E0,7.527396698E0,8.807817272E0
2.452694263E1,4.034111023E-1,4.806953888E0,7.319179688E0,8.765839235E0
2.453698962E1,6.427633667E-1,4.816683655E0,7.272476807E0,8.746571047E0
2.454703662E1,7.920030212E-1,4.856500854E0,7.503895569E0,8.973367152E0
2.455708262E1,9.575587463E-1,4.972060547E0,7.974666595E0,9.446354437E0
2.456712962E1,1.408870239E0,5.110372925E0,8.551117859E0,1.006093651E1
2.457717662E1,1.860181732E0,5.238955536E0,8.948092346E0,1.053448090E1
2.458722262E1,2.223775635E0,5.382207642E0,9.220675507E0,1.090569548E1
2.459726962E1,2.496807861E0,5.443580017E0,9.305099945E0,1.106578049E1
2.460731662E1,2.560724945E0,5.427263947E0,9.110953674E0,1.090971966E1
2.461736363E1,2.423460388E0,5.423072662E0,8.739126892E0,1.056670318E1
2.462740962E1,2.254910889E0,5.441184998E0,8.508606262E0,1.034830894E1
2.463745663E1,2.085762634E0,5.378315735E0,8.377179565E0,1.017122526E1
2.464750362E1,1.980381775E0,5.365592194E0,8.124804382E0,9.935992040E0
2.465754963E1,1.907333679E0,5.419779510E0,7.978259125E0,9.831813178E0
2.466759662E1,1.870809631E0,5.465733948E0,7.926017761E0,9.807952580E0
2.467764362E1,1.764680328E0,5.452112274E0,7.889344025E0,9.750967852E0
2.468769062E1,1.681004333E0,5.475613403E0,7.825876007E0,9.698064394E0
2.469773662E1,1.658551025E0,5.450465698E0,7.834408264E0,9.686914921E0
2.470778362E1,1.549128571E0,5.331762543E0,7.831863556E0,9.600290511E0
2.471783062E1,1.413959656E0,5.313201141E0,7.820187836E0,9.559535871E0
2.472787662E1,1.253493347E0,5.232219543E0,7.791746979E0,9.468827166E0
2.473792362E1,1.033450928E0,5.090913391E0,7.793692932E0,9.366272978E0
2.474797063E1,8.758287048E-1,5.012177124E0,7.793094177E0,9.307057123E0
2.475801762E1,8.271798706E-1,5.062322845E0,7.655979309E0,9.215495554E0
2.476806363E1,9.113049316E-1,5.231022034E0,7.533234558E0,9.216490173E0
2.477811062E1,1.048419800E0,5.298531647E0,7.482190704E0,9.228044182E0
2.478815762E1,1.040935364E0,5.335055695E0,7.408394165E0,9.188616316E0
2.479820462E1,9.565109253E-1,5.414540405E0,7.352709961E0,9.181203882E0
2.480825062E1,9.089099121E-1,5.446573792E0,7.395520935E0,9.229572753E0
2.481829762E1,9.701325989E-1,5.439837799E0,7.450157318E0,9.275658284E0
2.482834462E1,9.641450500E-1,5.471721497E0,7.516768799E0,9.347252269E0
2.483839062E1,9.545649719E-1,5.523064728E0,7.673642578E0,9.502643248E0
2.484843762E1,9.877958679E-1,5.523813171E0,7.854466553E0,9.653025301E0
2.485848463E1,8.888516235E-1,5.578449554E0,8.020321655E0,9.809929464E0
2.486853162E1,9.651928711E-1,5.983806610E0,8.264613647E0,1.024896959E1
2.487857763E1,1.308129730E0,6.622977448E0,8.818312225E0,1.110574915E1
2.488862462E1,2.076781311E0,7.676037598E0,9.404343567E0,1.231569128E1
2.489867162E1,3.478616180E0,9.022337952E0,1.039124130E1,1.419440906E1
2.490871762E1,5.669609985E0,1.058883041E1,1.209215424E1,1.704370855E1
2.491876462E1,8.171207886E0,1.212538513E1,1.433898193E1,2.047925794E1
2.492881162E1,1.013632141E1,1.372570724E1,1.832743790E1,2.504066754E1
2.493885862E1,1.274704239E1,1.517828659E1,2.237292526E1,2.989005283E1
2.494890462E1,1.622940079E1,1.608974121E1,2.535008423E1,3.413063129E1
2.495895162E1,1.898397263E1,1.688743240E1,2.697570374E1,3.705759277E1
2.496899863E1,2.033641022E1,1.732078125E1,2.682047653E1,3.785389022E1
2.497904462E1,2.052097641E1,1.673220520E1,2.458801895E1,3.613374932E1
2.498909163E1,1.958257782E1,1.515433640E1,2.191727280E1,3.306808299E1
2.499913862E1,1.774679535E1,1.240874588E1,1.971116043E1,2.928234221E1
2.500918562E1,1.571746536E1,9.042246552E0,1.737586670E1,2.511417296E1
2.501923162E1,1.382450180E1,5.476361847E0,1.477367798E1,2.096112950E1
2.502927862E1,1.156854309E1,1.683998108E0,1.297546738E1,1.746510213E1
2.503932562E1,8.843310242E0,-2.795736237E0,1.101694016E1,1.440115438E1
2.504937162E1,5.221891022E0,-7.542664948E0,8.749904480E0,1.267756951E1
2.505941862E1,9.759704590E-2,-1.189157135E1,6.075116730E0,1.335387725E1
2.506946562E1,-5.967939606E0,-1.544578033E1,2.912942505E0,1.681290181E1
2.507951263E1,-1.104538101E1,-1.790202255E1,2.016307068E-1,2.103624273E1
2.508955862E1,-1.393242737E1,-1.987521927E1,-2.166444855E0,2.436863469E1
2.509960563E1,-1.563109497E1,-2.171863586E1,-4.651726685E0,2.716005955E1
2.510965262E1,-1.853116425E1,-2.302347244E1,-7.397616577E0,3.046652364E1
2.511969862E1,-2.233026398E1,-2.374976212E1,-1.044093796E1,3.423017784E1
2.512974562E1,-2.547896622E1,-2.423744797E1,-1.258133698E1,3.734864982E1
2.513979262E1,-2.671344910E1,-2.445749039E1,-1.259331207E1,3.834538705E1
2.514983962E1,-2.582789063E1,-2.421963501E1,-1.062789917E1,3.696786300E1
2.515988562E1,-2.340457993E1,-2.390498932E1,-8.064180450E0,3.441299002E1
2.516993262E1,-1.984318588E1,-2.334290817E1,-5.680088196E0,3.115937724E1
2.517997962E1,-1.538156387E1,-2.251288422E1,-3.387755127E0,2.747543171E1
2.519002562E1,-1.044003983E1,-2.144874710E1,-1.487756195E0,2.390097492E1
2.520007262E1,-5.763015747E0,-1.992865814E1,-4.790039062E-1,2.075074000E1
2.521011983E1,-1.475930786E0,-1.833971237E1,-6.810836792E-2,1.839913205E1
2.522016683E1,2.699935455E0,-1.663371002E1,5.004093933E-1,1.685883656E1
2.523021283E1,7.010521545E0,-1.508607834E1,2.893183594E0,1.688513202E1
2.524025983E1,1.050515442E1,-1.419423294E1,6.560108185E0,1.883798125E1
2.525030683E1,1.317111053E1,-1.283955002E1,9.888436890E0,2.088332784E1
2.526035283E1,1.681947372E1,-1.004186783E1,1.340402618E1,2.373608485E1
2.527039983E1,2.165816162E1,-5.752986603E0,1.797581909E1,2.872808542E1
2.528044683E1,2.725352600E1,1.273851013E-1,2.093501541E1,3.436634657E1
2.529049383E1,3.262959641E1,7.461982727E0,2.207594284E1,4.009637141E1
2.530053983E1,3.678809875E1,1.450798050E1,2.225047989E1,4.537542907E1
2.531058683E1,3.951707382E1,2.074206665E1,2.210947311E1,4.980623710E1
2.532063383E1,4.230981628E1,2.597069366E1,2.292123505E1,5.468071415E1
2.533067983E1,4.312517075E1,2.940724731E1,2.474833557E1,5.776717632E1
2.534072683E1,4.260649933E1,3.144615738E1,2.687137070E1,5.938219567E1
2.535077383E1,4.197226822E1,3.198668335E1,2.877421371E1,6.010636061E1
2.536082083E1,4.068778931E1,3.091685806E1,2.983969803E1,5.917563595E1
2.537086683E1,3.891352890E1,2.856988861E1,2.846495682E1,5.604243957E1
2.538091383E1,3.608755554E1,2.528781372E1,2.497062332E1,5.064896067E1
2.539096083E1,3.278572174E1,2.125025986E1,2.109338608E1,4.440054088E1
2.540100683E1,2.921669357E1,1.654284897E1,1.756746826E1,3.789323127E1
2.541105383E1,2.602293503E1,1.206056992E1,1.536674469E1,3.253901253E1
2.542110083E1,2.340023895E1,8.151748352E0,1.436338120E1,2.864138446E1
2.543114783E1,2.151131699E1,4.409979401E0,1.356688751E1,2.581172434E1
2.544119383E1,1.953647369E1,9.342073059E-1,1.271560776E1,2.332880683E1
2.545124083E1,1.694221848E1,-2.451751556E0,1.085018692E1,2.026761971E1
2.546128783E1,1.386372025E1,-5.678890686E0,8.248447266E0,1.710232209E1
2.547133383E1,1.054706726E1,-8.512647858E0,5.797893219E0,1.474182374E1
2.548138083E1,7.026687927E0,-1.108190506E1,3.621119843E0,1.361232794E1
2.549142783E1,3.565735016E0,-1.350536545E1,1.886377258E0,1.409495588E1
2.550147483E1,-5.219645691E-1,-1.556493256E1,5.177732849E-1,1.558228679E1
2.551152083E1,-4.800217896E0,-1.758108994E1,-7.952961731E-1,1.824196566E1
2.552156783E1,-8.670719147E0,-1.926718369E1,-1.407223663E0,2.117512730E1
2.553161483E1,-1.177376633E1,-2.088621689E1,-1.118174744E0,2.400220707E1
2.554166083E1,-1.511556702E1,-2.264745438E1,-8.144563293E-1,2.724061114E1
2.555170783E1,-1.880344803E1,-2.381757111E1,-7.544311523E-1,3.035482692E1
2.556175483E1,-2.174123886E1,-2.456601471E1,-8.890013123E-1,3.281708197E1
2.557180083E1,-2.339260483E1,-2.503409134E1,-1.241967316E0,3.428501382E1
2.558184783E1,-2.415032913E1,-2.489997025E1,-1.204844513E0,3.470876785E1
2.559189483E1,-2.358480515E1,-2.411230820E1,-1.131946106E0,3.374800353E1
2.560194183E1,-2.129037643E1,-2.326536942E1,-1.303339691E0,3.156352701E1
2.561198783E1,-1.819496338E1,-2.201576797E1,-1.662143555E0,2.860967412E1
2.562203483E1,-1.403271881E1,-2.053235275E1,-2.070195007E0,2.495556880E1
2.563208183E1,-9.388476563E0,-1.900927002E1,-2.179767151E0,2.131307635E1
2.564212783E1,-5.125641174E0,-1.763033752E1,-2.077978821E0,1.847752675E1
2.565217483E1,-1.080004120E0,-1.637983795E1,-1.316212921E0,1.646808783E1
2.566222183E1,2.726130981E0,-1.545206726E1,8.120613098E-1,1.571170316E1
2.567226883E1,6.376140747E0,-1.462683334E1,4.053420868E0,1.646297802E1
2.568231483E1,1.012195129E1,-1.365729950E1,7.690557404E0,1.865798491E1
2.569236183E1,1.409124710E1,-1.211924789E1,1.185968765E1,2.204748524E1
2.570240883E1,1.869911499E1,-9.159752197E0,1.552301971E1,2.597156335E1
2.571245483E1,2.345652191E1,-4.574786682E0,1.781684967E1,2.980901249E1
2.572250183E1,2.785033493E1,1.047222290E0,2.071542206E1,3.472558914E1
2.573254883E1,3.084440872E1,6.037095795E0,2.276196625E1,3.880632916E1
2.574259583E1,3.251852737E1,1.016910324E1,2.267110519E1,4.092486156E1
2.575264183E1,3.232318359E1,1.320015015E1,2.260359558E1,4.159272406E1
2.576268883E1,3.015673874E1,1.507874359E1,2.331461700E1,4.099230130E1
2.577273583E1,2.808220276E1,1.585607712E1,2.477273483E1,4.066587863E1
2.578278183E1,2.663486252E1,1.529249908E1,2.709425720E1,4.095577130E1
2.579282883E1,2.392130539E1,1.439930649E1,2.821318039E1,3.969322898E1
2.580287583E1,2.044807800E1,1.328876587E1,2.660507446E1,3.609079079E1
2.581292283E1,1.719040237E1,1.201207077E1,2.381936737E1,3.173581636E1
2.582296883E1,1.440304871E1,1.078252762E1,2.075958023E1,2.747127382E1
2.583301583E1,1.198916840E1,9.718839569E0,1.710388229E1,2.303776879E1
2.584306283E1,1.017374359E1,8.628506927E0,1.423494827E1,1.950871453E1
2.585310883E1,8.743168488E0,7.546556854E0,1.235575607E1,1.691325586E1
2.586315583E1,7.690258026E0,7.171436920E0,1.035292099E1,1.475644093E1
2.587320283E1,7.666008453E0,6.956334229E0,8.523126068E0,1.340902493E1
2.588324883E1,7.387437744E0,6.281986542E0,7.906109161E0,1.251176060E1
2.589329583E1,6.672973480E0,5.683081970E0,7.656428375E0,1.163816529E1
2.590334283E1,5.967640228E0,5.199437714E0,6.973698120E0,1.054890269E1
2.591338983E1,5.199587402E0,4.555925903E0,6.835385742E0,9.721865471E0
2.592343583E1,4.476441193E0,3.885021057E0,6.933880920E0,9.121985474E0
2.593348283E1,3.943399658E0,3.331472168E0,6.879693604E0,8.601121540E0
2.594352983E1,3.672762451E0,2.965483246E0,6.597081299E0,8.112013102E0
2.595357583E1,3.400778046E0,2.722688141E0,5.933810577E0,7.361279101E0
2.596362283E1,3.362008667E0,2.665357361E0,5.375022583E0,6.877361406E0
2.597366983E1,3.476819916E0,2.836601257E0,4.777914276E0,6.554620374E0
2.598371683E1,3.448079681E0,2.821782074E0,4.517006836E0,6.344687409E0
2.599376283E1,2.771336975E0,2.358345795E0,5.929469604E0,6.957062118E0
2.600380983E1,2.012864227E0,2.179467773E0,6.935527496E0,7.543423879E0
2.601385683E1,2.249222717E0,3.388653259E0,5.831872559E0,7.110042987E0
2.602390283E1,2.266436920E0,3.236719208E0,5.407954102E0,6.697690282E0
2.603394983E1,3.280428314E0,3.400927734E0,5.651647339E0,7.366724986E0
2.604399683E1,4.513114929E0,3.370840302E0,6.244115295E0,8.409503346E0
2.605404283E1,5.462141418E0,3.084336090E0,7.171436920E0,9.527729294E0
2.606408983E1,6.146667938E0,3.230731659E0,8.383316803E0,1.088573169E1
2.607413683E1,5.832770691E0,3.315455475E0,9.582473145E0,1.169774553E1
2.608418383E1,4.574936371E0,3.047512665E0,1.042357407E1,1.178423831E1
2.609422983E1,3.223696289E0,2.872526550E0,1.071112610E1,1.154867303E1
2.610427683E1,2.307152252E0,2.740052032E0,1.038270905E1,1.098323649E1
2.611432383E1,1.783840485E0,2.170037384E0,9.751322021E0,1.014787812E1
2.612436983E1,1.230590973E0,1.426084442E0,9.457632751E0,9.643385725E0
2.613441683E1,5.828878784E-1,8.506809998E-1,9.504934387E0,9.560710965E0
2.614446383E1,1.790277100E-1,6.756948853E-1,9.231602783E0,9.258029188E0
2.615451083E1,5.610333252E-1,1.105151825E0,8.601413269E0,8.690249086E0
2.616455683E1,6.683601379E-1,2.003583527E0,8.247848511E0,8.513991853E0
2.617460383E1,1.250649261E0,3.167413330E0,8.110733643E0,8.796626115E0
2.618465083E1,1.794917450E0,3.912264404E0,7.826325073E0,8.931903805E0
2.619469683E1,2.397713928E0,4.247866516E0,7.384294281E0,8.849926782E0
2.620474446E1,2.912643127E0,4.193529510E0,7.146289215E0,8.782859972E0
2.621479146E1,2.859054565E0,3.579506378E0,8.096812592E0,9.302979795E0
2.622483746E1,2.624642029E0,2.887196045E0,9.327553253E0,1.011078120E1
2.623488446E1,2.551444244E0,2.832110596E0,1.009081604E1,1.078681077E1
2.624493146E1,2.147284698E0,2.820734253E0,1.038705002E1,1.097534425E1
2.625497846E1,1.729952545E0,2.924917603E0,9.862540741E0,1.043156693E1
2.626502446E1,1.702559509E0,3.253484344E0,9.256451111E0,9.958200461E0
2.627507146E1,1.965712280E0,3.440295868E0,8.553213501E0,9.426405551E0
2.628511846E1,2.225122833E0,3.350033569E0,8.189020844E0,9.123264707E0
2.629516446E1,2.181563416E0,3.027753754E0,9.001082153E0,9.744023382E0
2.630521146E1,1.730251923E0,2.743644562E0,9.419462128E0,9.962310172E0
2.631525846E1,1.334474945E0,2.650987244E0,9.528435516E0,9.979961931E0
2.632530446E1,1.165027313E0,2.627336426E0,1.009246262E1,1.049371178E1
2.633535146E1,1.191372528E0,2.720891876E0,1.013617172E1,1.056241442E1
2.634539846E1,1.885628815E0,3.605552216E0,9.277407532E0,1.013044389E1
2.635544546E1,2.039359131E0,3.664080505E0,9.538015594E0,1.041912727E1
2.636549146E1,1.625918884E0,3.464695129E0,9.849667511E0,1.056710342E1
2.637553846E1,1.086740112E0,3.761078796E0,1.004246658E1,1.077858306E1
2.638558546E1,5.263055420E-1,4.078119507E0,1.016551071E1,1.096565841E1
2.639563146E1,3.529660034E-1,4.237537994E0,1.004860382E1,1.091126720E1
2.640567846E1,4.971162415E-1,4.474644928E0,9.593101044E0,1.059703541E1
2.641572546E1,3.210823059E-1,4.688550110E0,9.122779083E0,1.026209989E1
2.642577146E1,-3.561094666E-1,4.825515289E0,8.640631714E0,9.903177681E0
2.643581846E1,-1.213227081E0,4.874313812E0,7.986192627E0,9.434517887E0
2.644586546E1,-2.200723572E0,4.928201752E0,7.255262604E0,9.042631929E0
2.645591246E1,-3.212469635E0,4.924609222E0,6.623127136E0,8.856497627E0
2.646595846E1,-3.658691711E0,4.878954163E0,6.169420624E0,8.674789311E0
2.647600546E1,-3.787573700E0,5.036875763E0,6.048621826E0,8.735082025E0
2.648605246E1,-3.450175323E0,5.253774719E0,6.421047363E0,8.985305104E0
2.649609846E1,-2.668351135E0,5.175786896E0,7.120393066E0,9.198307735E0
2.650614546E1,-1.807790680E0,5.022056580E0,7.747289429E0,9.407956894E0
2.651619246E1,-1.528621216E0,5.016368408E0,8.020022278E0,9.582347946E0
2.652623846E1,-1.992955627E0,5.040019226E0,8.034542084E0,9.691621765E0
2.653628546E1,-2.492167511E0,5.011728058E0,8.087382202E0,9.835347880E0
2.654633246E1,-2.595153351E0,5.006039886E0,8.193361816E0,9.946176859E0
2.655637946E1,-2.634671173E0,4.883145447E0,8.455616455E0,1.011355780E1
2.656642546E1,-2.406096497E0,4.782105560E0,8.650511169E0,1.017296306E1
2.657647246E1,-2.127675476E0,4.693190460E0,8.584049377E0,1.001194004E1
2.658651946E1,-1.985321503E0,4.645140381E0,8.622220001E0,9.993073020E0
2.659656546E1,-1.976190491E0,4.696034546E0,8.666228485E0,1.005293915E1
2.660661246E1,-1.978136444E0,4.785099335E0,8.740773468E0,1.015929723E1
2.661665946E1,-1.996099091E0,4.868026886E0,8.869505768E0,1.031262478E1
2.662670546E1,-2.006128235E0,4.942122803E0,8.985364838E0,1.044920617E1
2.663675246E1,-2.043101349E0,4.908891907E0,8.788524170E0,1.027178855E1
2.664679946E1,-1.989363098E0,4.871170349E0,8.407865753E0,9.918572106E0
2.665684646E1,-2.081721039E0,4.873565369E0,8.005801849E0,9.600940846E0
2.666689246E1,-2.284249878E0,4.945715332E0,7.558681641E0,9.317272444E0
2.667693946E1,-2.205663300E0,5.133724365E0,7.114255829E0,9.046143512E0
2.668698646E1,-2.309696960E0,5.188660126E0,6.649472351E0,8.744848569E0
2.669703246E1,-2.582729187E0,5.180576935E0,6.024072876E0,8.354538973E0
2.670707946E1,-2.875670013E0,5.131628723E0,5.381758575E0,7.972854993E0
2.671712646E1,-3.144660645E0,5.096002808E0,3.182831268E0,6.781485830E0
2.672717246E1,-4.014950867E0,4.906047821E0,2.168241119E0,6.700030241E0
2.673721946E1,-4.179758148E0,4.929399261E0,4.567751312E0,7.914146025E0
2.674726646E1,-3.327729950E0,5.240153046E0,7.999065857E0,1.012511951E1
2.675731246E1,-2.778222656E0,5.829028473E0,9.263037415E0,1.129158785E1
2.676735946E1,-3.235072632E0,5.746400299E0,8.793314209E0,1.099132322E1
2.677740646E1,-3.151845703E0,5.312602386E0,8.218808899E0,1.028137613E1
2.678745346E1,-2.606829071E0,5.037025452E0,7.507937164E0,9.409373182E0
2.679749946E1,-2.500101013E0,4.794230347E0,7.108268280E0,8.930992534E0
2.680754646E1,-2.931803284E0,4.794978790E0,7.015161896E0,8.988870258E0
2.681759346E1,-3.326831818E0,4.990172882E0,7.424859924E0,9.544536669E0
2.682763946E1,-3.376378784E0,5.126838684E0,8.021968231E0,1.010130600E1
2.683768646E1,-3.207529907E0,5.010530548E0,8.426576843E0,1.031507934E1
2.684773346E1,-3.143762512E0,4.872068481E0,8.504414978E0,1.029297664E1
2.685777946E1,-3.101400604E0,4.778812408E0,8.577313385E0,1.029689461E1
2.686782646E1,-2.835852814E0,4.672234039E0,8.704548798E0,1.027818086E1
2.687787346E1,-2.506387939E0,4.546645203E0,8.787476349E0,1.020655200E1
2.688792046E1,-2.248324585E0,4.384981384E0,8.791817322E0,1.007864460E1
2.689796646E1,-2.096540222E0,4.287534027E0,8.869954834E0,1.007246383E1
2.690801346E1,-2.033221893E0,4.292174377E0,8.894054718E0,1.008270606E1
2.691806046E1,-1.951491852E0,4.237837372E0,8.918004913E0,1.006471051E1
2.692810646E1,-1.896705780E0,4.130959625E0,8.988508301E0,1.007251715E1
2.693815346E1,-1.779200134E0,4.084855499E0,9.077273712E0,1.011179982E1
2.694820046E1,-1.551822968E0,4.161496124E0,9.316625977E0,1.032112998E1
2.695824646E1,-1.341061249E0,4.211192780E0,9.501491547E0,1.047907112E1
2.696829346E1,-1.148262177E0,4.088448029E0,9.474846954E0,1.038299755E1
2.697834046E1,-9.521699524E-1,3.923041992E0,9.329050140E0,1.016504120E1
2.698838646E1,-7.541317749E-1,3.837120667E0,9.229806519E0,1.002404799E1
2.699843346E1,-7.228468323E-1,3.747606812E0,9.186546478E0,9.947849042E0
2.700848046E1,-7.620652771E-1,3.705244904E0,9.208850098E0,9.955526275E0
2.701852746E1,-8.165519714E-1,3.822151794E0,9.236991577E0,1.002983623E1
2.702857346E1,-8.795709229E-1,3.831582184E0,9.212592316E0,1.001631291E1
2.703862046E1,-7.545808411E-1,3.767665100E0,9.009015656E0,9.794235837E0
2.704866746E1,-8.114625549E-1,3.715872803E0,8.973389740E0,9.746173895E0
2.705871346E1,-9.045689392E-1,3.769910431E0,9.050180054E0,9.845619769E0
2.706876046E1,-1.007405090E0,3.792064362E0,9.106013947E0,9.915347051E0
2.707880746E1,-1.132544861E0,3.846700745E0,9.032217407E0,9.882343638E0
2.708885346E1,-1.176403656E0,3.830983429E0,9.000333710E0,9.852226473E0
2.709890046E1,-1.141975250E0,3.760480042E0,9.152267761E0,9.960387683E0
2.710894746E1,-1.115779724E0,3.794010315E0,9.234895935E0,1.004603313E1
2.711899346E1,-1.231189728E0,3.773802338E0,9.391021271E0,1.019552317E1
2.712904046E1,-1.187779999E0,3.890858917E0,9.372609558E0,1.021740742E1
2.713908746E1,-1.228645020E0,3.938609619E0,9.185498657E0,1.006953822E1
2.714913446E1,-1.301244049E0,3.854185181E0,9.055119781E0,9.926891444E0
2.715918046E1,-1.335223389E0,3.789669342E0,9.066047058E0,9.916532886E0
2.716922746E1,-1.038240967E0,3.915707245E0,9.058412933E0,9.922981024E0
2.717927446E1,-9.960287476E-1,3.919299774E0,9.297615509E0,1.013896633E1
2.718932046E1,-9.512718201E-1,3.922293549E0,9.378297729E0,1.020988605E1
2.719936746E1,-1.114582214E0,3.880979462E0,9.386530609E0,1.021818242E1
2.720941408E1,-1.084794159E0,4.028123474E0,9.302854614E0,1.019537449E1
2.721946008E1,-1.249900818E0,4.089495850E0,9.290729828E0,1.022760427E1
2.722950708E1,-1.425335999E0,4.039200439E0,9.199569397E0,1.014784706E1
2.723955408E1,-1.302890625E0,4.134252777E0,8.883726196E0,9.884845023E0
2.724960008E1,-1.489851837E0,4.101321259E0,8.715775452E0,9.747062957E0
2.725964708E1,-1.606159973E0,4.078418884E0,8.589138794E0,9.642953680E0
2.726969408E1,-1.470242615E0,4.146676941E0,8.569679260E0,9.633065225E0
2.727974108E1,-1.470541992E0,4.166884918E0,8.598569183E0,9.667513417E0
2.728978708E1,-1.560804291E0,4.230203247E0,8.561745758E0,9.676477663E0
2.729983408E1,-1.658251648E0,4.257147217E0,8.351283417E0,9.519298066E0
2.730988108E1,-1.754351807E0,4.275858307E0,8.169860687E0,9.386550920E0
2.731992708E1,-1.783391418E0,4.188739471E0,8.197852478E0,9.377142878E0
2.732997408E1,-1.575024719E0,4.179907837E0,8.365653534E0,9.483485195E0
2.734002108E1,-1.447489929E0,4.227658539E0,8.702453156E0,9.782689545E0
2.735006708E1,-1.301842804E0,4.187092896E0,9.169032898E0,1.016354790E1
2.736011408E1,-1.352736969E0,4.233945465E0,9.475146332E0,1.046587739E1
2.737016108E1,-1.422192535E0,4.422104187E0,9.614356842E0,1.067771017E1
2.738020708E1,-1.458267517E0,4.462969208E0,9.533375244E0,1.062684722E1
2.739025408E1,-1.512155457E0,4.476441193E0,9.264833679E0,1.040010976E1
2.740030108E1,-1.505419464E0,4.439468079E0,8.996142426E0,1.014424680E1
2.741034808E1,-1.448388062E0,4.445006561E0,8.796757050E0,9.961869598E0
2.742039408E1,-1.547332306E0,4.456532593E0,8.597072296E0,9.806353659E0
2.743044108E1,-1.667382660E0,4.493505707E0,8.328231354E0,9.608912319E0
2.744048808E1,-1.770218811E0,4.558320923E0,7.914342041E0,9.303159367E0
2.745053408E1,-2.060315552E0,4.567152557E0,7.421267395E0,8.954272299E0
2.746058108E1,-2.351609802E0,4.633165283E0,6.888225861E0,8.628090444E0
2.747062808E1,-2.436782684E0,4.634362793E0,6.271807709E0,8.170116296E0
2.748067408E1,-2.811303864E0,4.521198120E0,5.620063019E0,7.741432050E0
2.749072108E1,-3.654949493E0,4.546196136E0,3.652255096E0,6.882261431E0
2.750076808E1,-3.727847900E0,4.573888550E0,5.088518372E0,7.791683108E0
2.751081408E1,-3.395838318E0,4.669689331E0,7.550448761E0,9.505103515E0
2.752086108E1,-2.662812653E0,5.020859070E0,8.291856995E0,1.005258621E1
2.753090808E1,-2.454745331E0,4.866979065E0,8.278235321E0,9.911732436E0